driverId,name,ssn,location,certified,wage-plan
10,Mario Rivera,614-16-7532,"2190 Torres Turnpike Suite 462
Port Heather, ND 78232",Y,hours
11,Andrea Owen,261-79-7581,"58460 Palmer Tunnel
Johnsonmouth, NJ 94817",N,hours
12,Jennifer Walter,688-51-8451,"06131 Denise Light Suite 143
New John, WY 57707",N,miles
13,Christy Allen,623-03-6851,"20711 Vasquez Hills Apt. 400
Patriciaborough, DE 60719",Y,miles
14,Alyssa Parker,753-04-8199,"251 Savage Points
North Leahchester, FL 30162",N,hours
15,Andrew Thompson,143-32-5082,"09932 Eric Corners Suite 213
East Saraland, VT 83919",N,miles
16,Susan Brown,655-48-2931,"921 Johnson Springs
Michaelshire, NE 05380",Y,hours
17,Erin Smith,726-82-6957,"537 Cassandra Locks Apt. 027
New Shirleyport, MI 50169",Y,miles
18,Jonathan Adkins,029-40-6450,"104 Kim Island Apt. 319
Jasonchester, KY 86638",N,hours
19,Maria Schmidt,673-12-5416,"154 Michael Hollow Apt. 021
Isaiahshire, MP 61027",N,hours
20,Leslie Johnston,695-38-5071,"155 Page Pike Apt. 543
South Phillipshire, AZ 67092",Y,miles
21,Stacy Peck,813-37-6401,"USS Young
FPO AE 51879",N,miles
22,John Elliott,603-06-2551,"09218 Glover Street Apt. 645
Sheltonmouth, CT 49206",N,miles
23,Amanda Villa,006-29-8200,"399 Cox Canyon
Port Christopher, NH 80308",Y,miles
24,Michael Shaw,281-99-3412,"8257 Duncan Mission Suite 268
Seanfurt, FL 00523",Y,hours
25,Christopher Kerr,233-61-9187,"USS Ryan
FPO AA 15731",Y,miles
26,Dr. Keith Avila Jr.,369-49-5064,"412 Williams Prairie Suite 031
Garzaborough, MI 44441",Y,hours
27,Shelby Tyler,079-44-0131,"PSC 1885, Box 4476
APO AE 22140",Y,miles
28,Dustin Paul,468-86-2732,"30228 Eric Heights
Connormouth, AL 19201",Y,miles
29,Teresa Howell,410-82-0351,"85498 Belinda Unions
Theresaview, CT 46799",N,hours
30,Rhonda Harmon,491-07-9936,"80190 Smith Road Suite 415
Alexandermouth, WA 48028",Y,miles
31,Gary Smith,123-75-4135,"817 Armstrong Streets
Smithville, SD 85230",Y,miles
32,Thomas Tate II,609-04-0015,"9885 Shannon Crest Suite 883
Elaineview, MI 38998",Y,hours
33,Brandon Anderson,213-37-4376,"611 Ryan Route
Port Lindseymouth, MH 86033",N,hours
34,Brandi Warner,020-72-3039,"558 Barrera Gardens
East Mallorystad, WA 09540",Y,miles
35,Joseph Castillo,018-05-7467,"5897 Juarez Canyon
New Nicholas, VT 32555",Y,hours
36,Jamie Smith,208-37-2769,"92839 Sheena Flats Apt. 903
Howardton, PA 07197",N,hours
37,Tina Jimenez,856-64-9280,"47117 Christina Parkways Suite 480
Ellisfort, NH 54289",N,hours
38,Christine Aguirre,891-89-7005,"08795 James Estate Suite 896
Timothybury, CA 61272",N,miles
39,Amy Henderson,665-07-7445,"7741 Cynthia Inlet
Sandraton, NC 48763",Y,hours
40,Matthew Petty,651-28-5731,"7044 Stacy Centers Suite 485
South Carlos, WY 26158",N,hours
41,Linda Green,204-47-5894,"99750 Wade Mission Apt. 522
West Stephanie, CT 64717",Y,miles
42,Nicholas Jackson,057-29-6180,"7852 Lynn Pines
Michelleberg, MN 80991",N,hours
43,Susan Nichols,265-14-8486,"34036 Daniel Junction Suite 979
South Robert, MH 38939",Y,miles
44,Susan Boone,875-75-0185,"39594 Arias Walk Apt. 558
Amandaport, GU 87761",Y,hours
45,John Parsons,281-97-7219,"USNS Austin
FPO AA 32611",Y,hours
46,Melissa Parks,236-36-6744,"38279 Amanda Street
East Shawna, KY 81139",N,hours
47,Kathy Eaton,244-28-8268,"112 Edwards Junctions Suite 452
South Michaelborough, NV 55470",Y,miles
48,Isaiah Schmidt,187-40-1883,"55073 Christensen Motorway
Peckberg, VI 24991",Y,hours
49,Anthony Jackson,510-56-4826,"056 Fisher Way Apt. 573
Johnsonchester, AL 86719",N,hours
50,Cheryl Santos,738-32-0515,"Unit 6108 Box 8741
DPO AA 16018",Y,miles
51,Justin Morris,326-02-4152,"5481 Barrera Curve
Armstrongborough, CO 38931",N,hours
52,Ernest Carter,294-93-2666,"0340 Bradley Wall
Lake Dennischester, HI 54872",N,hours
53,Bridget Melton,769-37-2309,"PSC 6779, Box 7574
APO AA 10426",Y,hours
54,Michael Zuniga,456-88-2235,"734 Richard Alley
West Olivialand, MP 22270",Y,hours
55,Heather Crosby,512-13-3420,"8078 Moore Center
Lake Melissa, KS 22166",N,miles
56,Stephen Mills,689-83-1381,"726 Katelyn Track Apt. 136
Williamton, NH 17862",N,hours
57,Frederick Johnson,743-47-9519,"639 Emily Stream Suite 916
South Kerriton, MT 45095",N,miles
58,Sherri Howell,072-78-1352,"8037 Krystal Burg
Thomasville, AK 42894",N,miles
59,Megan Patrick,667-18-5097,"32396 Bailey Knolls Apt. 852
West Carl, OH 51574",Y,miles
60,Jay Lozano,785-32-9503,"06214 Christopher Knolls
South Julieview, AK 36151",Y,hours
61,Carlos Parker,678-88-5742,"152 West Views Suite 789
New Jennifer, IA 73804",N,hours
62,Lisa Callahan,094-23-8343,"PSC 0106, Box 5805
APO AA 38570",Y,miles
63,Brian Wang,072-76-0100,"485 Hill Orchard
North Samantha, NY 30413",N,hours
64,Thomas Williams,487-41-5084,"86180 Bates Corner Apt. 864
Port David, MN 06383",N,miles
65,Laura Finley,024-07-2068,"4277 Bailey Port Suite 049
Samanthaview, OK 70031",N,miles
66,Joseph Rodriguez,087-08-9676,"USNS Moore
FPO AA 16087",Y,miles
67,Andrew May,432-19-3857,"7575 Maxwell View
Lawrenceshire, ID 88545",N,hours
68,Crystal Vega,249-06-9568,"70377 Watson Viaduct Apt. 406
Abbottstad, OR 26273",N,miles
69,Elizabeth Miller,345-08-2840,"22044 Kathryn Spring Apt. 812
Hamiltonfort, TN 41921",N,hours
70,Ann Sanchez,743-90-9045,"487 Robbins Prairie
New Wendybury, RI 71624",N,miles
71,Heather Norman,099-86-7372,"91458 Sarah Meadows Apt. 134
Brandonton, TX 88822",Y,hours
72,Manuel Frederick,195-90-1662,"752 Monroe Shores
South Randallborough, PW 34819",N,miles
73,Joshua Gordon,802-90-9497,"09962 Sarah Knoll
Lake Kennethstad, WA 35621",N,hours
74,Lori Alvarez,601-26-7563,"99287 Taylor Greens Suite 026
West Michellechester, MD 58940",Y,hours
75,Nichole Whitaker,032-45-6702,"617 Kimberly Cape
North Richardland, GU 40489",Y,hours
76,Laura Myers,150-69-1675,"2096 Ware Plains
Smithview, VI 46403",Y,miles
77,Ana Schwartz,210-18-5246,"PSC 6626, Box 2513
APO AA 67836",N,miles
78,Veronica Smith,829-09-8635,"959 Kevin Coves Apt. 356
Stevensville, ID 82568",Y,miles
79,Kenneth Nunez,462-02-0469,"836 Julia Pines Apt. 330
South Matthewfort, IA 48645",Y,hours
80,Julia Cruz,852-93-8654,"402 Joseph Green
West Patriciaborough, TX 13567",Y,hours
81,John Delgado,619-89-0921,"Unit 9209 Box 5964
DPO AA 71577",N,miles
82,Jason Phillips,096-64-4082,"850 Gray Square Apt. 685
Port Karenton, TX 71926",Y,hours
83,David Gordon,290-31-0800,"726 Jackson Crest
New Sarahberg, PA 94251",Y,hours
84,Timothy Dyer,163-99-0809,"33891 Gaines Forges
North Johnathanland, DC 84075",Y,miles
85,Andrew Brooks,092-43-9828,"324 Christopher Causeway
Woodardfort, NY 89622",N,hours
86,Tammy Henry,675-97-8004,"940 Megan Stravenue Suite 446
North Tarafurt, MP 67488",Y,miles
87,Michael Dillon,087-66-4473,"2019 Elliott Pass
North Amy, MO 72743",Y,hours
88,Terry Bryant,732-32-7533,"645 Morgan Mount
Melindahaven, LA 90997",Y,hours
89,Paul Salazar,163-90-2762,"10803 Michael Port Suite 737
Baldwinville, AL 61344",N,hours
90,Kyle Bean,799-93-2414,"198 Wiggins Locks Apt. 533
West Curtisfurt, VA 36253",Y,hours
91,Joel Neal,753-49-4942,"8275 Brian Branch
East Carrie, FL 12802",Y,hours
92,Lawrence Clark,869-44-0486,"75669 Carter Crossing
North Johnhaven, WI 51258",Y,hours
93,Amber Chase,715-54-6995,"14469 Medina Street
South Nicholasfort, AL 16221",N,hours
94,Julie Rose,631-61-8540,"180 Andrew Crest
Willisberg, CO 42530",N,miles
95,Melanie Keith MD,397-27-4265,"Unit 7023 Box 5867
DPO AA 08420",Y,hours
96,Janet Lopez,077-27-6841,"06784 Mcdowell Circle Apt. 354
Simontown, OK 38747",Y,hours
97,Crystal Clayton,842-48-1248,"20876 Jennifer Prairie
Benjaminfurt, MP 62201",Y,miles
98,Briana Rogers MD,505-05-6108,"4661 Perry Villages
Kevinburgh, MO 63950",Y,hours
99,Christine Woodard,638-23-4190,"5056 Daniel Brook
Davidfort, SD 93390",Y,hours
100,Michelle Barber,219-61-1350,"075 Wilson Wall Apt. 288
Hobbsport, ID 00859",N,hours
101,Jessica Ibarra,864-98-0683,"1512 Sara Camp
Port Stephanie, KS 01513",Y,hours
102,Claudia Miller,499-66-0302,"276 Joseph Land
West Sharon, AK 15951",Y,miles
103,Deborah Young,640-41-1241,"505 Vincent Corner Apt. 515
South Jeremymouth, CO 99308",N,hours
104,Rebecca Barnes,073-13-0391,"7113 Hannah Divide
Port Jonathan, WI 83892",N,hours
105,Aaron Daniel,258-14-5481,"PSC 0578, Box 8636
APO AE 12591",N,miles
106,Trevor Joseph,485-03-8176,"4797 Robert Groves
East Angelaside, AZ 09436",Y,hours
107,Debra Smith,359-72-2004,"8199 Angelica Fall
East Michael, CA 46645",N,hours
108,Lauren Graham,334-07-9757,"349 Thompson Spurs Apt. 556
New Stephenhaven, VA 54095",N,hours
109,Gerald Alvarez,050-90-6443,"61897 Rios Brook
Weaverside, VA 62593",Y,hours
110,Wesley Flores,197-99-8258,"1402 Rogers Wall Suite 304
Lake Pamela, OH 89445",Y,miles
111,Brian Norris,475-72-4517,"09826 Krystal Villages
South Vanessaland, GU 53371",Y,hours
112,Brian Weaver,430-78-7633,"25323 Sandra Brooks
Port Jenniferport, VA 65686",Y,miles
113,Carolyn Reed,435-25-2394,"399 Matthew Ville Suite 548
North Kenneth, DE 80174",N,miles
114,Sherry Myers,402-28-2957,"2844 Jeffrey Park
Lake Crystal, OH 27309",Y,miles
115,Christine Poole,691-53-0772,"298 Joshua Crossroad
Andreaburgh, LA 47444",Y,hours
116,Derek Ortiz,732-84-9262,"6788 Hughes Circles
Tateside, VI 88624",N,miles
117,John Tyler,438-58-1238,"USCGC Joyce
FPO AE 90432",N,hours
118,Brian Hines,312-28-5055,"765 Jose Harbors Apt. 721
Petershire, AR 98475",N,miles
119,Andrew Shepard,032-13-5755,"4735 Johnson Extensions Suite 222
South Jacquelinebury, CO 68044",Y,miles
120,Daniel Willis,407-16-8142,"02553 Ronald Plaza Suite 871
Ramirezbury, TX 88132",Y,miles
121,Charles Graham,428-99-9605,"0643 Carolyn Keys Suite 228
Meganstad, MH 70436",N,miles
122,Jeffrey Phillips,480-18-0312,"3460 Alejandro Brook
New Donaldville, NE 61596",N,miles
123,Stanley Green,551-75-5952,"432 Brandon Parks
South Erik, MP 74323",Y,miles
124,Monica Zimmerman,275-98-6561,"0167 Turner Trafficway Apt. 828
Carterberg, MD 58202",N,hours
125,Elizabeth Bray,298-67-6195,"PSC 0269, Box 5696
APO AA 83720",N,miles
126,Dr. Maria Williams,160-03-0772,"4103 Kevin Canyon Suite 091
Ramosbury, MD 50639",Y,hours
127,Erin Alexander,823-19-3510,"47448 Anne Extension
Casefurt, WY 53868",N,hours
128,Michael Garner,449-57-3364,"693 Deborah Squares
Kleintown, IL 38153",N,miles
129,Janice Fisher,678-39-7280,"19396 Henry Ridges
North Jasonside, MI 02887",Y,miles
130,Taylor Gardner,769-63-5942,"009 Angela Ridges Apt. 595
Jeanport, RI 19160",N,hours
131,Kimberly Smith,545-17-2826,"5063 Paul Passage
West Janetburgh, CA 88519",Y,hours
132,Mary Lewis,243-20-3714,"044 Kathryn Union Suite 346
Tinaland, NJ 57311",Y,hours
133,Jonathan Pena,729-50-2893,"2243 Gomez Fords
Brownburgh, NC 45028",N,hours
134,Gina Coleman,150-90-0361,"110 Young Summit Apt. 894
Martinburgh, MP 53344",N,miles
135,Christopher Sandoval,118-14-3882,"93205 Meadows Manor
Port Erinville, UT 40685",Y,hours
136,Sandra Ward,109-51-2282,"6209 Smith Canyon Suite 620
Port Jamesland, VI 62663",N,miles
137,Jean Torres,303-03-7481,"4567 Nicole Burgs Apt. 621
East James, VI 93276",Y,hours
138,Kelly Coleman,677-03-8998,"PSC 3248, Box 1852
APO AP 70756",Y,hours
139,Michele Owen,121-21-8900,"433 Booker Inlet
Charleshaven, IA 06949",N,miles
140,Jeffery Holt,776-43-1774,"556 Norman Bypass
Lake Nancymouth, OH 49293",N,hours
141,Gregory Dominguez,330-94-3741,"5564 Katherine Islands Suite 618
Port Davidstad, TX 51514",N,miles
142,Amber Curtis,161-39-7070,"328 Strickland Rest Apt. 784
Robertmouth, MD 62104",N,miles
143,Savannah Palmer,597-98-0187,"9076 Nicole Shore
South Sydneymouth, AL 20270",N,hours
144,John Green,715-17-1120,"5161 Lisa Passage Suite 495
Kevinport, CA 65510",N,miles
145,Sheila Gonzales,611-96-7916,"PSC 5382, Box 1357
APO AA 05161",N,miles
146,Randy Hall,070-20-3385,"265 West Groves
Herreraland, PR 60460",N,miles
147,April Morrow,373-08-1920,"51379 Colon Bridge Apt. 406
East Caroline, GU 33108",Y,hours
148,Wayne Rios,710-26-3711,"295 Garcia Track Suite 763
Alexaville, WY 89303",Y,hours
149,Scott Malone,747-98-2594,"385 Gabriel Expressway
Dillonton, AR 53583",N,miles
150,Alicia Glover,334-02-6511,"6265 Li Coves Apt. 353
Nicoleshire, MN 82955",N,miles
151,Monica Hamilton,750-88-1933,"949 Harrison Neck
Michelleborough, NH 71186",N,miles
152,Samantha Brown,819-79-6146,"PSC 3655, Box 3855
APO AP 56106",N,miles
153,Jason Williams,146-45-2644,"97415 Hart Viaduct
Nelsonfort, VI 29773",Y,miles
154,Brandi Copeland,062-96-4698,"PSC 7706, Box 6832
APO AP 17613",Y,hours
155,William Murphy,893-13-8166,"77998 Kim Trail Suite 986
Port Lauren, MO 31918",N,miles
156,Maria Sanders,646-50-7497,"64938 Medina Prairie
Ericbury, OR 73161",Y,miles
157,Brittney Frost,056-33-4962,"5787 Allison Loaf Apt. 591
Port Jeffrey, MP 58250",Y,hours
158,Bradley Briggs,054-57-9637,"51200 Jessica Cliff Apt. 832
Rodriguezmouth, HI 01661",Y,hours
159,Jeffrey Wilson,339-39-1850,"64599 Eric Ports
East Denise, AK 12644",N,hours
160,Meghan Chan,246-56-0849,"9232 Hart Field
Port Johnland, AS 94257",Y,hours
161,Paul Hernandez,176-88-7847,"4984 Richard Underpass
East Charlesburgh, NH 95293",N,miles
162,Mrs. Lindsey Maynard MD,209-09-1823,"39138 Dennis Mews Suite 748
Churchside, PW 18795",N,hours
163,Sarah Cook,112-33-5542,"5342 Williams Common
Hayesmouth, VA 86852",Y,miles
164,David Durham,716-98-8228,"215 Joshua Knolls Suite 733
Brandonside, FL 94679",N,miles
165,Hannah Blanchard,701-05-3555,"434 Bell Square
West David, AL 20921",Y,hours
166,Colin Daniels,489-83-9319,"83244 Green Passage Apt. 746
Yeseniafurt, MO 42494",Y,hours
167,Monica Harvey,410-38-2171,"USS Tran
FPO AA 63546",Y,hours
168,Jerome Garcia,624-40-0678,"0041 Whitehead Shoal Apt. 185
East Shawn, NC 89593",N,hours
169,Lori Thompson,188-63-2138,"91357 Rojas Corners Apt. 376
Rebeccaberg, ND 65985",N,miles
170,Susan Ross,667-65-0686,"348 Kelley Center Suite 920
Port Hannahton, SD 54300",Y,miles
171,Mark Bryant,484-05-7053,"PSC 2477, Box 3369
APO AA 99690",N,hours
172,Maria Evans,650-45-7350,"6462 Danny Cliff
Port Curtis, SD 96148",N,miles
173,Brandon Brown,232-72-2471,"762 Michael Brooks
Port Paula, MS 64589",Y,hours
174,Amber Mitchell,355-14-4103,"141 Roger Terrace
Gonzalesside, WV 48393",Y,hours
175,Miss Mary Hernandez,812-99-4287,"31192 Daniel Common Apt. 737
West Steven, NV 60310",Y,miles
176,Jessica King,701-43-8388,"31235 Todd Light
Johnland, OK 11234",N,miles
177,Rebecca Vaughn,770-40-8563,"28990 Kathleen Keys
East Michaelchester, MN 27762",N,hours
178,Brandon Hall,041-29-6881,"633 Cruz Plaza
Browntown, HI 32145",N,miles
179,Stacey Gregory,267-84-4765,"606 Nicole Expressway
North Karen, MA 64688",N,miles
180,Jake Johnson,317-85-6802,"91743 Douglas Station
Staceyshire, MP 86584",N,hours
181,Collin Lopez,141-47-6389,"6818 Mccarthy Mill Apt. 705
West George, KY 79510",Y,hours
182,Brittany Best,586-48-3171,"690 David Brooks Apt. 680
East Martintown, CA 61222",Y,hours
183,Elizabeth Miller,322-65-4808,"2384 Diana Dale Apt. 518
Acostamouth, WV 36992",Y,hours
184,Stacey Houston,097-42-4318,"USNS Parrish
FPO AE 26127",Y,miles
185,Sarah Shepherd,637-84-2231,"3905 Keith Crossing
Port Kathleenview, CT 32192",Y,hours
186,Javier Ryan,151-97-8262,"05370 Jessica Rapid
Whitefort, NC 43620",N,hours
187,Gabrielle Duncan,861-85-6567,"35342 Branch Forge
Matthewberg, AZ 72996",N,miles
188,Kathy Lopez,308-58-7423,"9220 Sydney Oval
Cherrychester, MO 84666",Y,hours
189,Mark Williams,863-43-6863,"8282 Sarah Ferry Suite 858
Port Christopherfort, MD 50400",Y,hours
190,Sharon Miller,079-62-6361,"0824 Flores Land Apt. 739
North Joshuachester, MN 90264",N,miles
191,Danielle Miller,399-04-7821,"94067 Obrien Rest
Alexandershire, AK 07543",N,hours
192,Tammy Harvey,319-42-6907,"886 Elliott Highway
Eduardoside, AZ 83592",Y,hours
193,Christine Ross,268-15-4875,"PSC 9056, Box 0705
APO AP 90901",Y,miles
194,David Gray,864-63-1925,"7633 Joseph Drive Apt. 482
Millerton, MO 15686",Y,hours
195,Edgar Hill,878-51-8724,"13944 Hart Cliff Apt. 163
Smithtown, MP 43729",Y,hours
196,Phillip Thompson,187-02-1097,"441 Williams Court Suite 742
New Jeff, OR 82783",Y,miles
197,Jack Hansen,020-62-9916,"484 Mcdonald Viaduct
New Jesse, MO 81039",Y,miles
198,Tyler Bonilla,312-96-2042,"7390 Ebony Rapid
Meghanland, FL 36506",N,hours
199,Michael Thomas,439-49-7766,"2694 Brenda Circles Suite 750
Juarezbury, ND 84929",N,miles
200,Vincent Banks,650-14-4416,"USNS Kaiser
FPO AE 73742",Y,hours
201,Tara Nelson,692-70-6626,"PSC 8732, Box 1362
APO AE 42811",N,miles
202,Yvette Jimenez,562-19-4016,"893 Robert Stravenue
Aliciatown, HI 70162",N,hours
203,Arthur Waller,051-47-5186,"54994 John Fork Apt. 198
West Grant, WV 28131",Y,hours
204,Ashley Stewart,649-09-1267,"177 Sarah Courts Apt. 648
West Jerry, AK 27082",Y,miles
205,Gregory Gill,124-51-1548,"8448 Bender Drive Apt. 478
North Rachel, MP 87064",Y,miles
206,Elizabeth Conley,190-82-5662,"PSC 0655, Box 4418
APO AE 42102",N,miles
207,Susan Warren,616-55-0751,"925 Michael Burg Suite 254
East Nicholas, MS 26866",Y,miles
208,Brittany Lopez,263-52-0426,"29392 Juan Crescent Suite 830
Port Annhaven, DE 38044",N,miles
209,Caitlin Mitchell,475-07-5784,"Unit 1869 Box 7110
DPO AA 33333",N,miles
210,Kenneth Thompson,887-33-6144,"4618 Jenkins Turnpike
West Tina, RI 62559",N,miles
211,Monica Zamora,463-39-5776,"0600 Horton Crest Suite 775
South Bradley, ID 23621",N,miles
212,Donna Baker,754-51-9390,"186 Roach River
Susanhaven, KS 49416",Y,hours
213,Katherine Mendoza,098-90-2638,"997 Jeffrey Road
Oneillfort, CT 51159",N,hours
214,Anthony Ward,463-23-5832,"4046 Poole Pines
East Andrewchester, UT 88309",Y,hours
215,Karen Sanders,326-90-8136,"170 William Shoals
Lake Rebecca, AL 70270",Y,hours
216,Mary Stout,504-42-7169,"05360 Gary Valley Apt. 754
New Joseph, WY 94446",Y,hours
217,Steven Mitchell,720-87-1344,"50868 Juarez Courts Suite 617
West James, IL 49046",N,hours
218,Daniel Morrow,177-53-8945,"0049 Ortiz Underpass Apt. 293
Donnahaven, HI 79842",Y,miles
219,David Jackson,114-78-3144,"5453 Scott Meadow
Williamsfort, WI 20815",Y,miles
220,Lisa Ward,094-52-5565,"130 Pham Ramp Suite 593
Codyshire, MI 47754",Y,hours
221,Ryan Nguyen,405-64-6141,"791 Yoder Mountains
West Matthew, GA 26984",Y,hours
222,William Nguyen,526-66-7615,"3168 Hayes Island
North John, MT 38341",Y,miles
223,Timothy Graham,432-56-7628,"34938 Bobby Bridge Suite 140
Toddburgh, ND 94104",Y,miles
224,Jennifer Carter,312-61-3351,"24252 Amanda Brook Apt. 468
West Alexisfort, NY 12677",N,hours
225,Mark Lewis,667-32-6557,"304 Brown Port Suite 927
West Christieton, VA 40847",Y,hours
226,Tracey Avila,294-20-6246,"851 Novak Junctions
West John, AS 56399",Y,miles
227,Randall Morris,593-87-7345,"USCGC Todd
FPO AA 78650",Y,hours
228,Natalie Russell,553-50-9353,"0779 Lisa Lodge Suite 250
Kyleview, WV 98109",N,hours
229,Mark Hall,720-83-1825,"7389 Kathleen Key
Lisamouth, ND 89376",N,miles
230,Nicholas Reyes,713-76-1740,"875 Jason Manor
Lake Megan, TN 60612",N,hours
231,Juan Martinez,144-49-6803,"USCGC Hernandez
FPO AA 59570",N,hours
232,Amanda Diaz,824-76-0543,"51800 Richards Corner Apt. 907
Port Ariel, DE 19018",Y,miles
233,Michele Murphy,320-90-7337,"68130 Mcbride Burgs
West Christopher, NC 68904",Y,hours
234,Brittany Friedman,135-09-2931,"PSC 3647, Box 6745
APO AP 84200",N,miles
235,Aimee Tucker,069-87-5888,"30697 Howard Rapids Suite 192
South Brianna, FL 01588",Y,hours
236,Diamond Carson,742-28-5974,"657 Eric Highway
North Christophermouth, MN 00936",N,hours
237,Michelle Miller,822-67-8682,"19906 Tapia Fords
New Lori, WV 58308",Y,miles
238,Lawrence Liu,244-62-2411,"7234 Jennifer Summit
South Earl, ME 10847",N,miles
239,Wendy Watts,364-97-1288,"PSC 0971, Box 7855
APO AE 04576",Y,miles
240,Patrick Hardy,151-19-9251,"295 Angela Summit Suite 202
South Maryport, IA 30212",N,miles
241,Katherine Hall,366-09-1084,"77578 Woods Spurs Apt. 213
Port Raymondburgh, PA 61537",N,hours
242,William Green,217-13-0282,"227 Soto Lake Apt. 996
West Jamesstad, NV 70985",Y,miles
243,Krystal Smith,641-90-3194,"25591 Jamie Villages
Hessshire, VT 34717",N,hours
244,Victoria Mann,731-26-7491,"131 Gonzalez Inlet
West Donnaland, AZ 39108",N,miles
245,Kaitlin Combs,590-41-1646,"2257 Craig Throughway Apt. 300
Johnburgh, SD 80232",N,miles
246,James Baker DDS,006-51-7206,"645 Moore Passage Apt. 992
Jasonton, SD 65871",N,miles
247,Heidi Delacruz,609-52-4087,"68087 Joshua Stravenue Apt. 656
New Sandraport, NY 14788",Y,miles
248,Andrew Ray,562-12-0135,"9002 Olson Stravenue Apt. 489
East Gregfurt, AZ 47004",N,hours
249,Samuel Tran,242-65-4986,"455 Katelyn Ramp
Brownshire, FL 10563",Y,hours
250,Shawn Bryant,298-20-5137,"823 Vega Harbors
Cooperland, CT 43589",N,hours
251,Kathy Wong,871-58-0247,"56865 Michael Stream
Michaelberg, PR 13886",N,miles
252,Jeremy Miranda,498-90-4770,"47968 Phillips Underpass
Hugheston, VT 94796",N,miles
253,Roger Miller,473-62-9899,"0177 Carlos Forges
Port Lorifort, DC 28789",Y,miles
254,Brian Coleman,088-50-1344,"98523 Todd Overpass
Lake Annette, NY 44691",N,hours
255,Lauren Ritter,275-95-1287,"7312 Duffy Camp
Patrickhaven, OR 06678",Y,hours
256,Jacqueline Fry,246-81-4777,"Unit 3238 Box 4897
DPO AP 27820",N,hours
257,Sue Harris,224-41-4448,"Unit 0695 Box 7346
DPO AE 62282",Y,hours
258,Jasmine Montgomery,316-67-9969,"3629 Campos Course Suite 895
Tabithaville, NV 30546",N,miles
259,Sabrina Brown,818-08-1711,"USNS Doyle
FPO AP 83553",Y,hours
260,Laura Bennett,888-52-5394,"9534 Susan Meadows
Lake Adamstad, MI 65485",N,hours
261,Michelle Ruiz,660-40-0690,"06235 Fields Place
Robertmouth, IL 26320",N,miles
262,Michelle Jackson,287-58-4659,"Unit 9037 Box 7363
DPO AA 68437",Y,miles
263,Nancy Lee,881-91-8509,"9445 Henderson Greens
Lake Kimberly, WI 30442",N,hours
264,Carrie Welch,182-79-4090,"18817 Danny View
Tylerton, OK 34688",N,miles
265,Jeremy Wood,045-99-9622,"364 Mitchell Plain Apt. 493
West Douglasfurt, IL 75713",N,hours
266,Joel Stafford,793-68-6817,"1730 David Ford Suite 852
West Marieton, CA 96901",N,hours
267,William Murphy,807-80-3941,"87157 Justin Locks Apt. 569
Grossside, ME 51856",N,miles
268,William Thomas,527-70-4692,"90499 Candace Brooks Apt. 568
Nelsonchester, AL 58587",Y,hours
269,Mark Jackson,340-09-3208,"2967 Susan Fall
Navarroberg, FM 70459",Y,hours
270,Susan Gonzalez,759-39-1660,"30573 James Dam Apt. 327
South Kelly, OR 02620",Y,hours
271,James Bowman,347-99-5490,"374 April Keys
West Sheila, UT 97802",Y,hours
272,Elizabeth Crane,247-48-8865,"PSC 4964, Box 1428
APO AP 56474",N,hours
273,Jill Werner,659-45-5206,"397 Travis Springs Suite 127
Jamesmouth, NH 39504",Y,hours
274,Rodney Caldwell,509-48-7925,"47709 Vicki Forges
West Kellyview, UT 34026",Y,hours
275,Stanley Robinson,391-60-5000,"USNS Simmons
FPO AE 56851",Y,miles
276,Diana Logan,248-69-8872,"975 Claudia Corners Suite 466
Lindashire, GA 25975",N,hours
277,Frank Murphy PhD,441-03-1874,"5608 Nichole Land
Brookestad, MN 58591",N,miles
278,Timothy Gray Jr.,466-75-7991,"0727 Jones Circles Suite 782
East Dannyborough, OH 73374",Y,hours
279,Shannon Bolton,653-04-4628,"023 Brown Stravenue Apt. 626
New Michael, SC 69075",Y,miles
280,Rachel Wilson,474-92-1786,"6025 Cooper Fords Apt. 052
Elliottshire, KY 28771",N,miles
281,Henry Graves,626-80-2145,"PSC 9633, Box 0204
APO AA 65101",N,miles
282,Jennifer Alvarez,796-14-2838,"806 Robert Crescent Apt. 116
Kristinstad, CA 17089",N,hours
283,Emily Gonzalez,709-93-9625,"635 Brenda Road
Duranmouth, OK 46149",Y,hours
284,Chris Smith,574-75-0708,"34936 Lisa Road
East Robertville, MT 34479",N,hours
285,Maria White,715-31-5038,"734 Jason Rapids Suite 214
Freemanberg, IA 11601",N,hours
286,Brandon Moore,004-84-0115,"415 Mitchell Rapids Suite 581
East Taylormouth, TN 61792",Y,hours
287,James Moore,333-22-0415,"67653 Dustin Locks
Mcculloughstad, NJ 81678",N,hours
288,Robert Lewis,364-53-0844,"3026 Smith Squares Apt. 958
New Lisaburgh, FL 63683",Y,miles
289,Lauren Mason,162-66-0816,"7296 Richard Pine
Port Benjamin, NE 91090",N,hours
290,Courtney James,006-50-1105,"884 Jason Green Apt. 814
East Angelafurt, VA 65633",N,miles
291,Joseph Houston,698-60-7181,"4255 Elizabeth Radial Suite 996
Anthonymouth, GA 19435",N,miles
292,Danielle Bishop,373-67-0838,"0950 Thompson Springs Suite 364
Davidfort, OH 30229",N,hours
293,Michael Gray,635-67-3302,"00883 Frank Viaduct Apt. 994
Robinsonmouth, IL 65499",N,miles
294,Kathryn Gross,041-10-4895,"057 Williams Pines
South Michelle, MT 74671",Y,miles
295,Brandon Stewart,308-58-7561,"624 Harper Terrace Suite 476
East Maria, GA 58825",Y,hours
296,Brittany Howard,082-40-5773,"PSC 9170, Box 7105
APO AE 05872",Y,miles
297,Crystal Skinner,587-82-4612,"54039 Philip Turnpike Suite 563
Alvinmouth, MI 83969",N,hours
298,Mr. Eric Le,001-44-2066,"035 Theodore Key
Kimfurt, ID 05692",Y,miles
299,Joseph Johnson,295-05-7055,"515 Murphy Via Suite 516
West Alison, MT 66715",Y,miles
300,Christopher Kelley,556-55-2359,"5622 Sara Flat
Franklinside, MA 92287",N,miles
301,Ashley Ramos,109-31-2237,"15686 Daniels Divide Apt. 312
Carterport, ME 20852",Y,hours
302,Mr. William Erickson DDS,243-04-4378,"10768 James Dam Suite 383
North Joshua, MD 85264",N,miles
303,Richard Conway,391-31-3098,"187 Evans Rapids Apt. 836
New Amy, VA 05373",N,miles
304,Andrew Mejia,733-81-6531,"63080 Desiree Expressway Apt. 743
Gonzalesville, AL 71622",Y,miles
305,John Chavez,139-49-1891,"USNV Richmond
FPO AE 62563",Y,hours
306,Chad Elliott,746-20-9201,"7271 Johnson Overpass
West Grantchester, FL 89828",Y,hours
307,Ronald Craig,486-58-7810,"21657 Jason Bypass
West Lindsayport, VA 20616",Y,miles
308,James Sanders,046-87-5380,"960 Melissa Forest Suite 259
Andreashire, AL 05626",N,miles
309,Robert Foster,285-43-6244,"04413 Frederick Canyon Apt. 773
Jamesfort, MO 22443",Y,miles
310,Julie Dyer,590-50-2389,"Unit 6485 Box 3298
DPO AE 41028",Y,hours
311,Heather Hardin,384-04-2787,"35760 Johnson Crossroad Suite 209
New Meredith, TX 48345",Y,miles
312,Terry Webb,494-23-2565,"9900 Oconnor Heights Suite 664
New Christiantown, AK 09983",N,miles
313,Morgan Johnson,860-58-8205,"47017 Bowman Streets Suite 892
Cynthiaberg, PW 94536",Y,miles
314,Elizabeth Cannon,168-26-0720,"8011 Gary Forest Apt. 452
West Tammieland, OR 10470",N,hours
315,Louis Flores,116-57-8388,"99157 Brown Island Suite 371
Richardsonside, TN 97949",Y,hours
316,Mrs. Kari Smith PhD,521-06-3041,"971 Rhodes Glen
Watkinsburgh, AS 45390",N,miles
317,William Howard,222-08-5053,"0955 Robin Motorway
Meghanton, MD 64724",N,miles
318,Joseph Oneal,848-45-9664,"49663 Jessica Dale Apt. 463
Heatherbury, MD 94439",Y,miles
319,Mr. Michael Greene II,701-31-8420,"22149 Rodriguez Forks Suite 030
North Alicia, LA 08609",Y,miles
320,Andrew Holland,060-86-3207,"92631 Andrews Skyway Suite 033
Morrisport, CT 16877",N,hours
321,Heather Bullock,694-21-9126,"31436 Morgan Keys
Mooreshire, GA 04339",N,miles
322,Sharon Holder,342-80-4588,"45937 Andrade Alley
Harrisstad, PR 33230",N,miles
323,Frank Holland,732-38-4744,"7537 Joseph Harbors Apt. 771
Port Josephside, MI 66601",Y,miles
324,Brandon Garza,438-33-6675,"3696 Garcia Throughway Suite 043
North Richardhaven, DC 16170",Y,miles
325,Barbara Clark,206-84-6646,"5650 Bailey Fall
Warrenshire, NJ 84058",N,hours
326,Erin Terry,565-50-0123,"PSC 7013, Box 9829
APO AP 66844",Y,hours
327,Gregory Oconnell,424-78-2649,"128 Patrick Vista Suite 380
Lake Cindy, SD 42751",N,miles
328,Katrina Richardson,207-26-3051,"8543 Glass Haven Suite 014
Lake Catherine, LA 89208",Y,hours
329,Susan Barr,066-12-9874,"997 Robert Mountains Suite 713
Williamsview, CT 15632",N,hours
330,Alison Bender,173-88-4557,"2339 Matthew Island
North James, MP 85679",N,miles
331,Shawn Winters,057-54-6667,"0793 Herman Crossroad
East Michelle, IL 65795",Y,hours
332,Brittany Kelly,208-51-6556,"9774 Rivera Shores
Vincenttown, MS 92502",N,miles
333,Ms. Susan Anderson,794-98-2283,"1776 Yolanda Highway
East Heatherton, TN 28992",N,hours
334,Andrew Pham,086-67-8133,"900 Amy Curve Apt. 800
Port Rachel, AK 48034",N,miles
335,Kristin Klein,279-44-4689,"833 Sanchez Trail Apt. 852
New Matthewland, CT 93234",Y,hours
336,Mary Miller,224-56-4486,"1249 Melissa Port Apt. 347
West Kimmouth, VT 80566",Y,miles
337,Patricia Davis,567-33-4071,"5177 Hernandez Underpass Apt. 549
Bassshire, LA 72674",N,miles
338,Sean Decker,320-74-9987,"892 Lisa Lane
North Randallborough, VT 70875",Y,miles
339,John Brown,215-56-9166,"558 David Island Apt. 194
West Elizabeth, NH 60704",Y,miles
340,Rebecca Lane,250-81-4075,"9390 Colin Trail Suite 965
South Mallorytown, IA 22168",N,hours
341,Christopher Cain,454-66-3138,"555 Smith Way Suite 519
Jeffreyfort, IA 16291",Y,miles
342,Devin Burnett,851-70-8685,"99194 Wilson Locks
West Melinda, VT 02531",Y,miles
343,James Harrison,378-94-0575,"3126 Patricia Ford
Sarahport, OK 31086",Y,hours
344,Alexis Decker,124-68-1036,"Unit 9470 Box 6588
DPO AE 46645",Y,hours
345,Tiffany Hensley,600-56-5512,"06894 Jerry Inlet
New Michael, WY 91221",Y,hours
346,Mark Davis,869-06-5774,"40323 Hansen Greens
Markfurt, OH 99502",N,hours
347,Richard Caldwell,363-41-8842,"5298 Gomez Corner
Bryantland, MD 59710",Y,miles
348,Deanna Johnson,694-92-3602,"13007 Curtis Forges
Port Emily, PA 96314",Y,miles
349,Melissa Watkins,692-70-1667,"198 Watkins Turnpike Suite 029
Elizabethborough, NY 42750",N,miles
350,Joshua Patterson,297-60-1324,"1866 Braun River
Billyborough, MH 47923",Y,hours
351,Raven Collins,770-56-2272,"960 Craig Brooks Apt. 570
Powellshire, MH 85947",Y,hours
352,Keith Brooks,173-43-6880,"Unit 2869 Box 0489
DPO AA 47319",N,miles
353,Heather Jackson,575-03-3932,"866 Howard Lane Apt. 202
Lake Rebeccafort, VT 23210",Y,hours
354,Shirley Blackwell,464-04-5292,"5626 Anne Mountain Apt. 598
Port Guybury, NH 96978",Y,miles
355,Alexis Downs,707-98-7958,"11807 Hebert Vista
Adamchester, NC 34008",Y,hours
356,Michael Jensen,889-83-3186,"7915 Ann Fall Suite 511
Jeffreystad, KY 46875",Y,miles
357,Christopher Cameron,885-83-9897,"4232 Martin Union
Lake Steven, OH 04419",Y,hours
358,Debbie Oconnor,338-08-0637,"2857 Bryant Gateway
West Elijahchester, TX 42788",Y,hours
359,Michele Newman,801-92-6648,"504 Vaughn Summit
South Erikport, NJ 38889",N,hours
360,Dr. Zachary Lopez,216-01-7754,"8497 Paul Plains
Lake Bianca, KY 52515",Y,hours
361,Bryce Salazar,377-06-3157,"369 Cortez Ferry Apt. 929
Robertview, FL 51775",N,miles
362,Eric Smith,326-20-1145,"0319 Washington Point Apt. 110
Hughesfurt, PA 53548",N,miles
363,Keith Green,735-43-3453,"1756 Chapman Street Suite 539
South David, WV 48447",Y,hours
364,Amanda Parker,170-27-0577,"05358 Hayes Cliffs
Higginsborough, NY 51836",N,hours
365,Jill West,536-49-5855,"276 Charles Corner
Teresamouth, GU 19613",Y,hours
366,Kaitlin Lopez,734-49-0830,"991 Amy Street Suite 613
West Michele, AL 80372",N,miles
367,Amanda Nguyen,182-54-3939,"74401 Gross Cove Apt. 892
Munozton, ND 85033",N,miles
368,Carlos Moore,659-27-3673,"USCGC Oconnor
FPO AE 47877",Y,hours
369,Jennifer Hamilton,883-34-2941,"330 Elliott Route Apt. 530
Freemanland, CO 96414",Y,hours
370,Ann Yu,176-76-6494,"91458 Micheal Freeway
Harristown, WI 97402",Y,hours
371,Carol Anthony,023-41-1833,"8098 Heidi Corner Apt. 414
East Jessica, AS 28673",N,hours
372,Katherine Allen,731-41-2567,"6937 Jacob Estates
New Matthewbury, MT 89205",Y,miles
373,Sarah Bowers,576-41-4048,"PSC 7995, Box 8521
APO AP 82876",Y,miles
374,Peggy Montgomery,315-77-8307,"75823 Martin Camp
Jennifershire, NH 31146",N,hours
375,Jeffrey Lozano,063-54-8773,"95053 Marshall Hollow Suite 934
South Michaelchester, NY 28409",N,miles
376,Larry Curry,854-35-6321,"39818 George Island Apt. 351
East Kimberlyfort, NH 32996",N,miles
377,Michael Houston,222-90-6472,"87105 Gross Neck
Evansberg, WV 46160",Y,miles
378,Eric Melton,039-39-8638,"USNS Robinson
FPO AE 34619",Y,miles
379,Elizabeth Lopez,652-25-7144,"17395 Carla Plaza Suite 318
New Michael, HI 75212",Y,miles
380,Gregory Allen,730-88-8170,"2366 Levi Forge Apt. 092
South Carl, WA 63782",N,hours
381,Jessica Perez,155-22-4255,"0166 John Freeway
West Jenniferville, MP 47548",N,hours
382,Angela Mendoza MD,497-19-9309,"17242 Dominique Creek Suite 770
Williamsport, CT 88842",Y,miles
383,George Wilson,804-99-3132,"889 Weiss Glen
Lake Christopher, NC 12175",Y,hours
384,David Sherman,308-03-2451,"4714 Holden Ridge Apt. 850
Lake Mandyville, NM 10435",Y,miles
385,Meredith Jones,214-88-0329,"682 Victoria Crest
Tammystad, WV 76662",Y,miles
386,Brandi Gonzales,198-29-2332,"511 Kelly Bridge Apt. 212
Nelsonmouth, NY 07828",Y,hours
387,Vanessa Olson,485-28-3037,"Unit 1454 Box 7180
DPO AP 22198",N,hours
388,Wanda Barton,362-52-3689,"2091 John Causeway
Port Lee, NH 21214",Y,hours
389,John Anderson,444-43-2957,"399 Jeffrey Skyway Apt. 646
North Dylan, WA 22806",N,hours
390,Karen Schultz,127-08-2515,"9244 Duran Mountains Suite 047
East Candiceborough, OH 80110",Y,miles
391,Heather Anthony,515-20-5866,"693 Garcia Streets
Michaelchester, NC 30609",N,hours
392,Jessica Norris,358-33-4705,"01051 Eric Curve Suite 605
Moorehaven, WY 84316",Y,miles
393,Heather Harris,800-62-3856,"1586 Matthew Hill
Conwayland, IA 70967",Y,hours
394,Mr. Steven Flowers Jr.,729-05-6221,"617 Mitchell Neck
East Alexandriamouth, VI 64018",Y,hours
395,Chad Simon,564-90-3533,"36342 Robin Springs Apt. 116
Dawnfort, NE 82662",N,hours
396,Jeanette Chambers,776-61-9550,"343 Johnston Crossroad
Kimberlyport, MN 80877",N,miles
397,John Roberts,107-62-1389,"1810 Cunningham View Suite 651
Howardland, AK 54349",Y,hours
398,Brittany Robinson,065-38-0880,"9892 Thomas Brook
East Jessicafort, GU 70488",N,miles
399,Donald Mann,570-87-5599,"3416 Mary Port Apt. 695
Port Jonathan, WI 53803",Y,hours
400,Joshua Taylor,416-44-3592,"USNV Ramos
FPO AE 06748",N,hours
401,Christine Mccormick,365-20-9349,"55484 Victoria Glen
Gillland, TN 18745",N,miles
402,Nicholas Cox,168-88-6259,"4462 Brown Street Apt. 551
Port Darrellland, NV 96808",Y,miles
403,Angel Jones,707-34-1497,"466 Mark Key
South Meganside, PR 32981",Y,hours
404,Jessica Russo,730-79-3293,"7143 Jerome Extensions Suite 446
Amandaville, GU 43123",N,miles
405,Austin Cole,463-01-2412,"79489 Alvarez Views
Davidview, MA 54299",Y,hours
406,Sara Calderon,728-03-9985,"232 Chang Path
North Williamshire, MD 64006",Y,miles
407,Colleen Torres,423-47-8814,"922 Briana Manor Suite 579
Port Amber, NM 80753",N,hours
408,Ryan Davidson,779-52-9860,"6261 Gabriel Course
Jessicaton, ME 17049",N,miles
409,Tracy Alexander,659-69-2352,"68997 Gallegos Streets
Elizabethtown, PW 73142",N,hours
410,Robert Miller,389-69-4492,"54768 Smith Junctions
Johnville, AS 23921",Y,hours
411,Robert Davis Jr.,453-16-8467,"1811 Mcintyre Plains Suite 007
Thomasbury, IA 17193",Y,hours
412,Susan Perez,046-61-8535,"88307 Sheena Inlet
Kristintown, MH 66620",N,hours
413,Edward Wolf,462-99-4105,"8491 Donna Stravenue Apt. 259
North Robertfort, AL 06777",Y,miles
414,Michael Smith,686-80-4367,"13970 Kimberly Grove Suite 989
Rachelfurt, UT 29517",N,hours
415,Ethan Thomas,261-44-2553,"067 Martin Station
Smithton, PW 42421",Y,hours
416,Danielle Dudley,420-69-2955,"69130 Jeffrey Coves Apt. 946
Melvinstad, PR 49130",N,hours
417,Robert Murray,257-51-0282,"56402 Lopez Shoals Suite 956
Jameston, MD 10020",Y,hours
418,Katrina Houston,056-72-1017,"9628 Rachel Course Apt. 635
South Aprilton, MP 77341",Y,miles
419,Joseph Santana,517-90-5116,"159 Chandler Extensions Apt. 772
Lake Amyfurt, NH 18050",Y,hours
420,Brittany Aguilar,800-52-1472,"35710 Foster Roads
North William, ID 26171",Y,hours
421,Joseph Rodriguez,126-77-1365,"4578 Raven Way
South Kathryn, MS 10258",Y,miles
422,Damon Turner,767-67-0204,"21812 Dalton Avenue
South Michelle, NH 02435",Y,miles
423,Lawrence Watson,522-14-2171,"9869 Willie Meadow Apt. 430
Port Melissaburgh, MS 70406",N,hours
424,Aaron Spencer,534-37-2281,"47909 Karina Forge Apt. 187
West Ericaborough, MH 35502",Y,hours
425,Mary Kelly,437-93-6760,"6442 Gina View Apt. 429
Mcbrideborough, TN 45193",Y,miles
426,Jessica Sanchez,443-38-0893,"272 Hernandez Burg
South Randyhaven, OH 41333",N,miles
427,Jason Golden,880-83-2505,"PSC 8460, Box 0089
APO AE 96725",Y,miles
428,Brenda York,803-57-5221,"18683 Edwin Bridge Suite 649
Thomashaven, WV 51091",N,miles
429,Michael Robles,523-32-4806,"PSC 9417, Box 4813
APO AP 30895",N,hours
430,Sarah Bond,196-42-7012,"45024 Mark Brook Apt. 991
Christophertown, OR 31369",Y,hours
431,James Johnson,500-13-3347,"35860 Karen Field
South Donaldberg, MO 09447",Y,hours
432,Tiffany Solomon,805-12-9209,"53123 Owen Springs
Lake Randystad, VT 67897",Y,miles
433,Thomas Boyd,033-70-9772,"74239 Carson Spring
Port Rickey, IN 66494",Y,miles
434,Amber Anderson,014-57-9124,"881 Tina Keys Apt. 119
Petersonbury, PA 96895",Y,hours
435,Loretta Coffey,265-13-4524,"5423 Jennifer Park
Mackfurt, NJ 37902",N,miles
436,Deborah Hunter,588-61-5727,"7584 David Stravenue Apt. 362
North Sharon, IA 84654",Y,hours
437,David Bell,377-66-6909,"USNV Becker
FPO AP 32805",Y,hours
438,Kenneth Campbell,584-84-7190,"678 Jeremiah Streets
Christianport, MP 06192",N,miles
439,Stephen Nixon,883-14-0065,"7499 Garcia Lodge
North Pamela, RI 27768",Y,hours
440,Dr. Louis Ellis,792-36-7345,"983 Ricky Track
Laurenburgh, OH 25654",Y,miles
441,Kara Moore,131-88-6498,"45642 Susan Brooks
Port Mallory, NJ 89122",N,miles
442,Joshua Ryan,573-69-0516,"Unit 3733 Box 5820
DPO AP 71167",Y,hours
443,Andrea Smith,739-92-8377,"98738 Bass Club Suite 598
Port Josephfort, LA 01573",Y,miles
444,Carol Thompson,531-56-4706,"80354 Macias Union
Suzannemouth, TN 89032",Y,miles
445,Steven Chavez,621-43-4942,"Unit 4494 Box 3713
DPO AE 78838",N,hours
446,Taylor Blair,326-30-6705,"1176 Regina Avenue Suite 894
Russellport, SD 17890",N,miles
447,Shelly Contreras,312-56-1406,"7315 Teresa Pike
New Robert, WY 97523",Y,miles
448,David Green,839-15-0410,"790 Allison Brooks Suite 943
Ellischester, MI 47172",N,hours
449,Michael White,250-80-2474,"40448 Wagner Shoals Apt. 511
Port Tanyaborough, NC 12383",Y,hours
450,Leah Clay,747-94-1310,"08392 Good Rapids Apt. 502
West Ashley, OR 74544",N,hours
451,Brooke Simpson,824-53-8035,"0558 Gallagher Vista
West Dylan, WV 43497",N,miles
452,Angel Manning,618-56-9563,"896 Bradley Skyway
Blevinsstad, VA 31224",N,hours
453,Riley Wall,025-05-5366,"USNS Madden
FPO AE 69426",N,miles
454,Michael Romero,614-72-7436,"59071 Jessica Trail
West Andrewview, NM 23829",N,hours
455,Sean Poole,184-20-4874,"4306 Molly Via
Thomasmouth, NE 47168",N,hours
456,Anna Vasquez,568-28-7800,"247 Elaine Pines
Kathybury, MT 68831",N,hours
457,Jeremiah Montgomery,163-67-6035,"19708 Doyle Squares
Julieside, PA 07983",N,miles
458,Jerry Gardner,256-44-9517,"617 Smith Causeway
Brownborough, CO 78767",Y,hours
459,Mary Chapman,871-54-1135,"144 Andrew Course Suite 846
Lake Charlesmouth, FM 12584",N,hours
460,Eric Rodriguez,217-11-3997,"861 Beltran Ridges
Williamsonhaven, CO 96935",Y,hours
461,James Short,137-20-9294,"7324 Charlene Cape Apt. 933
East Kevin, WY 81203",Y,hours
462,Rachel Watson,822-71-2971,"8001 Elizabeth Causeway
Jeffreytown, ND 23058",Y,miles
463,Brian Garcia,416-05-7891,"642 Smith Expressway Apt. 181
East Amandahaven, GA 69852",Y,hours
464,Joseph Merritt,835-15-1927,"812 Laura Street
South Jeffrey, RI 20507",Y,hours
465,Ashley Reed,667-35-3168,"109 Brock Fork
Port Jodyfurt, CA 07906",Y,hours
466,Kimberly Jackson,638-23-3469,"429 Mckee Route Suite 240
Rodriguezview, VI 69722",N,hours
467,Jason Stuart,460-76-6123,"605 Jennifer Springs
Tiffanystad, WY 80548",N,hours
468,Gabriel Zimmerman,214-21-1503,"0518 Sean Mission
Christinafort, PA 89933",N,hours
469,Kathy Johnson,575-85-3094,"05373 Burnett Key
Josephmouth, ND 77987",N,miles
470,Rita Bailey DVM,841-02-6235,"0304 Joyce Run Suite 297
North Joshua, GU 12096",N,hours
471,Jorge Arellano,786-52-0436,"5922 Annette Forest
Taylormouth, KY 80434",N,hours
472,Troy Oneal,558-07-8635,"0699 Hughes Shoal
South Meaganstad, PW 52884",Y,miles
473,Lisa Jackson,845-40-6335,"323 Dennis Villages Suite 889
Blackfort, CO 33699",N,miles
474,Alexander Cruz,461-15-7886,"USNV Rivas
FPO AA 81101",Y,hours
475,Jared Willis,428-38-2080,"98644 Robert Crescent Apt. 722
Fullerberg, CO 28203",Y,hours
476,Jacob Herrera,812-45-4573,"PSC 7489, Box 5718
APO AE 69451",Y,miles
477,Amber Juarez,332-82-6824,"Unit 4482 Box 4343
DPO AA 05981",Y,miles
478,Richard Fuentes,703-57-9941,"202 Hill Harbors
New John, OR 09786",Y,hours
479,Benjamin Crawford,354-23-0244,"5913 Andrew Estates
Brookemouth, SD 52081",N,hours
480,Charles Wilson,765-38-8327,"68720 David Drive Apt. 627
Tylerland, NV 79241",N,miles
481,Tiffany Ramirez,332-77-1276,"8832 Jennifer Forest
South Nancy, GU 72803",N,miles
482,Kari Pena,635-88-9980,"00055 Jason Trafficway Suite 667
Horntown, CO 19486",N,hours
483,Kenneth Marks,779-65-6767,"USNS Todd
FPO AE 38259",N,hours
484,Joseph Cooley,256-86-3843,"5283 James Viaduct
Matthewbury, AR 72555",Y,hours
485,Deborah Brown,753-63-5196,"78720 Timothy Fork
Jamesfort, PR 01556",Y,miles
486,Mario Delgado,661-04-1460,"760 Victoria Rue Apt. 539
South Lisaborough, CA 37389",N,hours
487,Cynthia Patterson,574-90-4980,"4351 Kelly Burgs Apt. 631
West Tylerfort, MD 96832",Y,hours
488,Jared Tucker,777-56-9881,"7911 Frances Parkway
North Jonathanstad, VT 70217",Y,miles
489,Jacob Roberts,139-02-3517,"9521 Sarah Shore
New Christopherfort, VA 24751",N,miles
490,Bonnie Sutton,288-26-7206,"03660 Brooke Plains Suite 722
Evansville, AK 57251",N,hours
491,Daniel Irwin,592-67-2591,"3781 Sarah Camp
Evansborough, MI 49743",Y,hours
492,Kimberly Bell,870-31-4365,"Unit 1105 Box 8967
DPO AP 88762",N,hours
493,Brittany Mcneil,233-74-8389,"1991 John Port
Dawnmouth, IN 78120",N,hours
494,Richard Delgado,107-69-6190,"5605 Evelyn Mission
Paulastad, DC 72725",N,hours
495,Christina Nelson,810-59-0685,"044 Freeman Crest
Michelleburgh, HI 48234",Y,miles
496,Robert Castaneda,201-34-1341,"PSC 6070, Box 6267
APO AP 66971",Y,hours
497,Michelle Ellis,460-05-1267,"643 David Garden
North Morganfort, CT 18396",Y,hours
498,Mary Molina,734-11-9180,"9629 Darlene Crest
East Sarahmouth, WV 52424",Y,miles
499,Katie Richardson,649-56-6105,"22164 Clark Glens
Leslieview, IN 23335",N,hours
500,James Baldwin,146-92-2363,"0064 Jacob Islands Apt. 762
Alexisbury, MN 58054",N,miles
501,Christopher King,142-05-1048,"8063 Jackson Lights
Timothyfurt, OH 43364",Y,miles
502,Karen Robertson,136-19-1828,"597 Clark Loop Suite 638
Harrisport, KY 09668",N,hours
503,Timothy Johnson,323-83-2869,"412 Doyle Summit
Savannahland, IN 49868",N,miles
504,Kyle Smith,450-82-0014,"61377 Watson Village Apt. 740
Harriston, CA 56676",N,miles
505,David Smith,808-26-2653,"Unit 4937 Box 5984
DPO AE 61756",N,hours
506,Danielle Smith,409-57-5148,"3464 Adams Mission Suite 123
East Carolynville, FL 02301",Y,hours
507,Tracy Santiago,110-77-7706,"7426 Kelly Shore Apt. 707
Brownside, MH 37854",Y,miles
508,David Meza,739-24-4848,"715 Johnson Squares Apt. 599
Jordanbury, GA 22928",N,miles
509,Christy Martinez,665-26-1750,"214 Roberts Mill
Melissamouth, CO 06169",Y,hours
510,Veronica Reyes,159-13-8898,"40471 Anthony Estate Apt. 069
North James, ND 29772",N,hours
511,Michael Wilson,076-89-8161,"0514 Glen Fork Apt. 832
New Jennifer, TN 10660",Y,miles
512,Sheila Miller,870-84-9285,"47368 Brown Ranch Apt. 366
East Jeanette, IN 63801",Y,miles
513,Elizabeth Mitchell,682-53-3241,"265 Grant Overpass
Lake Denisestad, KY 30169",Y,hours
514,Kristina Morales,635-62-1693,"502 Garcia Shores
North Lindsayburgh, OH 79585",Y,hours
515,Brooke Murphy,292-45-7497,"505 Renee Terrace Suite 977
Burkestad, MA 89265",Y,hours
516,Courtney Anderson,626-28-6756,"0444 Jacob Knolls
North Justin, SD 80366",N,hours
517,Rebecca Wilson,761-92-5373,"218 Mccoy Dam Suite 552
Padillashire, AK 40573",Y,hours
518,Austin Gray,503-19-5499,"4326 Dennis Squares
South Theresahaven, NM 37833",Y,hours
519,Joshua Harris,014-37-7628,"0327 Briana Crossing
North Ann, TN 87188",Y,miles
520,Maria Meadows,566-91-4116,"PSC 6915, Box 9567
APO AP 79577",N,miles
521,Jamie Rogers,400-92-5754,"0034 Andrea Skyway Apt. 189
Port Hannahfort, VT 32021",Y,miles
522,Danielle Ball,833-33-5652,"6983 Thomas Stream Apt. 645
South Jonathan, FM 34613",N,miles
523,Meghan Davies,153-90-2139,"013 Brown Mission
East Beverly, KS 30671",Y,hours
524,Nicole Wilson,361-74-4237,"06743 Bradley Court Suite 781
Denisefurt, SC 03319",N,miles
525,Joseph Berger,386-85-8861,"20360 Adrienne Pike Suite 593
New Leah, MI 70633",N,hours
526,Adam Smith,618-81-5636,"84209 Ashley Oval Suite 357
Port Charlesville, SC 79698",N,hours
527,Caroline Ramirez,119-24-6240,"57445 Johnson Crossroad Suite 961
South Deborah, NC 88817",Y,hours
528,Mike Chambers,068-95-3521,"PSC 1961, Box 7682
APO AE 46489",Y,hours
529,Maurice Johnson,065-91-8556,"2352 Cunningham Ranch
New Derek, NH 28756",Y,miles
530,Gary Carroll,867-93-3125,"94093 Marie Valleys Apt. 613
South Josephfort, SD 55352",N,hours
531,Brandi Smith,094-83-2522,"14066 Brown Trace Apt. 250
New Jessica, MA 10790",Y,hours
532,Sue Jones,598-70-0358,"00544 Walsh Landing Apt. 673
Rogersshire, TN 87500",N,miles
533,David Lee,615-87-6535,"01586 Janet Cliff Suite 709
Littlefort, TN 81987",Y,hours
534,Jacqueline Martinez,574-24-5862,"PSC 0260, Box 2323
APO AA 61599",N,miles
535,Timothy Richmond,027-73-0561,"6743 Oconnor Field
Brianside, AZ 75412",Y,hours
536,Maurice Wallace,606-81-1221,"39296 Jacob Mall Apt. 755
New Brianland, CA 68491",N,miles
537,Diana Glenn,602-22-1917,"343 Carter River
New Ryan, AZ 76336",N,hours
538,Jessica Simmons,479-45-8233,"0542 Kurt Oval Apt. 595
North Kimberly, SC 45869",N,hours
539,Michael Rodriguez,092-68-3113,"009 Nicholas Circles
New Annatown, PA 21622",Y,miles
540,Rodney Lawson,459-74-7650,"0801 Ellis Prairie Apt. 199
Lake Jessicastad, RI 04705",Y,hours
541,Melissa Ellis,379-27-3654,"5736 Norton Groves Suite 835
East Cindyfort, RI 39163",Y,hours
542,Kenneth Mcbride,106-93-2992,"556 Aguilar Turnpike
Paynefort, FM 97732",N,hours
543,Leslie Allen,524-44-5630,"31993 Lewis Hollow
Billtown, NE 16028",Y,miles
544,Luke Smith,133-27-0634,"36856 Deborah Extension Apt. 796
Reedton, ID 90093",Y,miles
545,Michele Love,818-16-6611,"0633 Fuller Bypass
Port Jamie, OH 22722",Y,hours
546,Katrina Simon,500-12-3174,"5521 Daniel Road
Lake Lisa, MD 90028",N,hours
547,Theresa Crosby,667-54-3395,"Unit 6518 Box 9910
DPO AE 62383",N,hours
548,Brenda Murphy,891-38-0009,"007 Gonzales Inlet
North Deborah, VA 27458",N,hours
549,Nathaniel Lee,097-58-9618,"02488 Mitchell Inlet Suite 158
Richardside, WA 66455",Y,miles
550,Mary Cowan,749-15-4717,"81261 Ibarra Ridge Apt. 693
North Gregoryhaven, AR 25249",N,hours
551,Brittany Padilla,628-63-7552,"14248 Santos Springs Suite 873
East Jeffrey, ME 06442",N,hours
552,Arthur Coleman,476-58-7216,"355 Drake Mall Apt. 261
Julieton, NY 19246",Y,hours
553,James Sanders,064-53-9051,"42816 Kathy Court
New Terri, SC 83466",N,miles
554,Kathryn Peterson,377-40-6841,"9575 Carl Knoll
Kirkberg, GU 50665",Y,miles
555,Thomas Vaughn,110-75-5487,"081 Denise Throughway Suite 322
Port Ericfurt, IN 73935",Y,miles
556,Todd Gordon,333-49-9159,"367 Morgan Center Apt. 447
Bergerville, KY 91579",N,hours
557,Bryan Green,793-81-0566,"437 Nicole Square Apt. 146
Smithchester, OH 81540",N,hours
558,Timothy Marshall,372-25-7199,"752 Michael Alley
Tammyfurt, MT 07223",N,miles
559,Mr. Alan Moore MD,373-56-0560,"31509 Kaitlyn Park Apt. 272
Port Barbaraview, MH 46550",Y,miles
560,Adam Winters,560-61-4950,"USCGC Smith
FPO AE 49443",N,miles
561,Joseph Cook,648-99-7926,"9296 Patel Fords
Port Pamelashire, FM 04457",N,hours
562,Andrew Sanders,186-85-6214,"083 Taylor Prairie
Dianaberg, MN 54813",N,miles
563,Angela King,827-58-7156,"469 Norton Groves
Lake Gailland, VT 50818",Y,miles
564,Richard Dalton,454-52-2212,"Unit 2952 Box 4667
DPO AP 90989",N,miles
565,Paul Campbell,014-30-2766,"4457 Miller Prairie
Drakeport, NM 13235",Y,miles
566,Emily Martin,503-33-4820,"81609 Marissa Ways Apt. 045
Harringtonmouth, UT 43713",N,miles
567,Sarah Weaver,422-85-7614,"0829 Frederick Land Suite 361
East Davidland, AZ 39954",Y,miles
568,Jamie Brewer,045-05-8073,"35275 Garrett Terrace
New Tamara, MP 72176",N,miles
569,Natasha Jackson,198-27-5731,"2159 Lauren Street Suite 747
Lake Tonya, AR 11166",Y,hours
570,Sarah Andrews,321-93-6478,"641 White Vista Suite 598
New Deborahberg, WI 78081",Y,hours
571,Holly Cook,044-66-3700,"4706 Coleman Via Apt. 149
Willisside, GU 31738",N,miles
572,Margaret Gonzalez,599-22-8173,"4443 Aaron Motorway
Valdeztown, SC 53257",N,miles
573,Courtney Watts,316-11-2000,"63616 Danielle Lights
Justinborough, OH 88952",N,miles
574,Pamela Rivera,516-27-1679,"53394 Christopher Falls Suite 329
Riceburgh, MD 39439",Y,hours
575,Vincent Knight,802-15-3115,"8143 Ashley Forges Suite 219
North Carolynbury, AL 67471",N,miles
576,Victoria Young,567-53-2189,"61703 Eric Branch Suite 710
Briannaland, CT 71422",N,hours
577,Ruth Marshall,682-64-1851,"0403 Davis Bypass Apt. 721
Chavezfort, AK 61324",N,miles
578,Jay Perez,027-15-8295,"09759 Carr Plains
Anthonyfort, MD 16514",N,hours
579,Casey Munoz,134-43-7421,"6249 Willis Summit Apt. 657
Port Jamesland, CO 68245",N,miles
580,Kevin Freeman,503-83-9790,"776 Jesse Ferry
South Michaelstad, FM 89405",Y,hours
581,Patrick Fernandez,899-78-2023,"4494 Gilbert Highway Suite 703
Cuevasfurt, PA 54350",Y,hours
582,Heather Baxter,109-07-0905,"258 Johnson Mission
North Courtney, NC 61791",Y,miles
583,Julie King,588-23-8238,"7809 Kimberly Burg
Colleenstad, ID 05557",Y,miles
584,Joe Mayer,659-63-1580,"441 Dalton Islands
Curtisberg, OK 04950",Y,hours
585,Gina Hopkins,766-70-9544,"221 Chris Station Suite 544
North Christine, AL 12233",Y,hours
586,Leslie Robinson,609-25-9843,"Unit 0730 Box 1469
DPO AA 42847",N,hours
587,Debra Johnson,329-91-8211,"7426 Tammy Roads
Aprilborough, CT 27188",N,miles
588,Courtney Potts,882-89-1259,"6371 Hill Loop
Briannatown, NJ 85387",Y,miles
589,Brian Williams,387-13-9226,"6200 Selena Extensions
Russelltown, ID 91757",N,miles
590,Jeffrey Reyes,317-11-2961,"233 Greene Ford Apt. 716
Kellerbury, AL 09498",N,miles
591,Eric Yu,522-73-9131,"9294 Elizabeth Burgs
Ericshire, WV 19503",N,hours
592,Katherine Martin,808-47-6009,"1019 Fischer Shore Suite 988
Cynthiaville, PW 66344",N,miles
593,Anna Cunningham,782-07-5141,"679 Adams Forest
Suzannefort, WI 15825",N,hours
594,Valerie Brown,186-71-6088,"4235 Johnson Oval
West Priscillatown, VT 57843",Y,miles
595,Laura Cantrell,470-23-6832,"90138 Green Shores Suite 674
Toddmouth, NH 54555",Y,miles
596,Cassandra Rubio,428-20-0680,"95257 Thomas Dam Apt. 617
East Brendanview, OH 73017",Y,hours
597,Erica Howell,160-74-8164,"52623 Samuel Shoals
Kathrynberg, FM 35091",N,hours
598,Marcus Khan,730-24-4796,"72489 Stephanie Parkways
South Jillview, WA 70475",N,hours
599,Kristopher Jensen,888-68-5344,"84418 Flores Islands Suite 834
South Cynthiafurt, SC 53825",N,miles
600,Holly Bell,269-66-5744,"7836 Yates Islands Apt. 489
West Roberttown, PR 19004",N,hours
601,Roberto Porter,416-29-1234,"88974 Angela Ways
South Kayla, CO 54727",N,hours
602,Brandon Foster,841-28-2510,"503 Brittany Parks Apt. 104
Rodriguezside, MS 34089",Y,hours
603,Zachary Shaw,718-06-2875,"7731 James Center Apt. 999
North David, CT 33451",N,hours
604,Andrea Evans,741-52-0630,"02217 Abigail Ranch Apt. 661
North Travisview, AS 93563",Y,miles
605,Jermaine Webb,155-25-8625,"19069 Kimberly Forest
East Dylanside, OK 39732",N,miles
606,Hayden Blanchard,459-86-4947,"007 Margaret Road Apt. 140
Nguyenburgh, GU 27555",N,hours
607,Robert Valentine,639-03-9552,"33414 Williams Fort
Leonberg, RI 78719",Y,hours
608,Andrew Barrett,028-35-6141,"Unit 8368 Box 2962
DPO AP 82625",N,miles
609,Steven Perez,524-88-7026,"1393 Justin Valleys
South Nicole, SD 17628",N,miles
610,Emily Hall,692-53-4938,"49414 Bailey Place
Lake Brian, SD 89367",N,hours
611,Tracey Andrews,124-14-1290,"34599 John Station Apt. 841
North Benjamin, NJ 17824",Y,miles
612,Timothy Villa,274-97-6236,"639 Pedro Gardens
Philipstad, NY 81204",N,hours
613,Robert Martinez,388-19-2740,"21677 Barrett Station
East Tiffanyland, WV 27024",N,miles
614,Albert Villanueva,593-43-7020,"674 Russell Ramp Suite 396
South Cameron, GU 62803",Y,hours
615,Brenda Shannon,071-06-9399,"90409 Johnson Views
New David, WI 92562",Y,miles
616,Kelly Oneal,166-65-1930,"7737 Benjamin Divide Apt. 988
North Robin, DC 89888",N,hours
617,Julie Bird,752-41-9063,"40850 Kayla Throughway Suite 578
Blairfort, PR 83161",N,miles
618,Stephanie Richardson,789-73-7499,"085 Dana Burg Apt. 947
South Gary, AS 22886",Y,hours
619,Deborah Ross,400-17-8846,"0838 Ford Wells
Lake Johnshire, TX 90153",Y,miles
620,Stephanie Pierce,559-39-4364,"376 Katherine Inlet
Lake Nicholas, AL 80376",N,miles
621,Lisa Gomez,711-72-7255,"082 Johnson Stravenue Suite 317
Garciaton, WY 02268",N,hours
622,Stacey Schmidt,660-12-7578,"463 Jones Way
New Jamesbury, PW 58328",Y,miles
623,Michael Snow,514-21-4563,"PSC 1795, Box 7195
APO AE 54805",N,miles
624,Gary Brown,270-57-1420,"00719 Burns Streets Suite 244
West Markview, IL 00726",N,miles
625,Brittany Kennedy,446-77-4088,"52860 Lane Track Suite 494
Lawsonmouth, MA 93766",N,hours
626,Stephen Barton,695-79-5629,"9927 Moore Crest
West Joshua, MO 10663",Y,miles
627,Leslie Williams,254-59-6260,"8772 Anthony Way Suite 758
Port Alfred, NC 51857",N,hours
628,Jack Fields,559-43-4583,"USNV Williams
FPO AE 07496",N,miles
629,Kirk Cline,571-21-8987,"183 Peterson Divide Apt. 680
Anthonyton, NY 02250",Y,hours
630,Jesse Davis,455-42-9926,"93587 Danielle Manor
Keithfurt, MD 55198",N,hours
631,Robert Schmitt,796-48-3480,"1595 Jones Lake
North Richard, NH 47651",N,hours
632,Richard Thomas,249-67-5498,"88053 Sara Hill
Morganville, MP 71260",N,hours
633,Cassandra Mccarty,067-33-6798,"1736 Sharon Lake
Jillmouth, ID 92291",N,miles
634,Kim Owens,067-47-8087,"044 Clark Pines
Lake Stevenhaven, MA 37023",N,miles
635,Michael Shah,072-44-8842,"6119 Stephanie Union Apt. 821
Port Jeremiahborough, TN 33373",N,miles
636,Brenda Lee,336-97-1199,"73049 Lindsay Court Apt. 832
North Coreyland, HI 93647",Y,miles
637,Darren Garcia,187-04-9352,"645 Cruz Fords
Lake Elizabethborough, NM 42794",Y,hours
638,William Santiago,398-05-8915,"3355 Morales Pine
Port Henrybury, NE 75129",Y,miles
639,Sandra Sanchez,111-07-7617,"174 Mary Circles Suite 975
Gilbertton, SD 80805",Y,miles
640,Richard Vaughn,693-64-3210,"48148 Lopez Avenue Suite 286
Gamblemouth, CT 83437",Y,miles
641,David Hawkins,871-35-6125,"4030 Carly Stream Suite 120
New Cynthia, OK 95146",Y,hours
642,Danielle Jackson,365-93-3249,"1479 William Expressway
Port Latoya, WA 81762",N,miles
643,Anthony Cochran,067-97-3937,"USNS Johnson
FPO AA 80782",Y,miles
644,Kenneth Pineda,066-41-3198,"Unit 3218 Box 4032
DPO AE 63182",Y,miles
645,Deborah Rhodes,383-45-2019,"92854 Phillip Islands
Josephchester, MI 19509",Y,miles
646,Tammy Walker,430-30-6697,"1206 Petty Crossing Suite 880
Sullivanside, WI 22464",Y,hours
647,Ashley Cantu,708-12-5848,"5524 Stephanie Plains Apt. 365
Matthewstad, NJ 13730",Y,hours
648,Sonya Evans,814-78-4627,"38506 James Ramp
East Amanda, CO 21188",N,miles
649,Norma Jordan,325-84-0975,"870 Robinson Forges Suite 663
Port Tommy, NC 13203",N,hours
650,Rhonda Stone,804-60-5604,"44187 Bell Station
Maryshire, VI 69722",N,hours
651,Stephen Garner,104-84-1888,"538 Benjamin Keys
Victormouth, VA 22285",Y,hours
652,Joseph Martinez,009-78-5093,"442 Rodriguez Meadows
Middletonbury, AZ 49562",Y,hours
653,Frank Martin,002-31-7233,"5173 Mark Course
Andersonberg, FM 00759",Y,miles
654,Andrea Bond,366-26-8516,"910 Gonzalez Isle
Kristinaport, MN 28303",N,miles
655,Michele Smith,564-54-4561,"19398 Miller Roads
West Douglastown, KS 41752",N,hours
656,Deborah Kelley,844-57-2961,"1498 Nicholas Throughway
Horneton, WV 11049",Y,miles
657,Brad Rogers MD,385-76-4993,"USCGC Sanchez
FPO AA 51695",N,hours
658,Sharon Dodson,373-46-5209,"687 Zachary Mount Suite 834
North Stephanie, GU 41524",N,hours
659,Jennifer Clark,623-26-6658,"0866 Karen Common Suite 492
Jacksonfurt, WV 13070",Y,miles
660,Mr. Jason Davis,216-14-3577,"736 Christopher Islands Suite 025
East Pedromouth, VT 33673",Y,miles
661,Amanda Lewis,161-42-6707,"03887 Jacob Tunnel
Markstad, NY 17682",N,hours
662,Ronald Chandler,006-65-5133,"Unit 9177 Box 0395
DPO AA 73344",Y,miles
663,Lindsay Adkins,237-74-8105,"885 Elizabeth Village
Toddchester, NJ 15511",N,miles
664,Andrew Lewis,546-81-7881,"666 Morgan Ridge
Mitchellburgh, NH 14755",N,hours
665,Brian Mitchell,321-89-1068,"PSC 4293, Box 5784
APO AE 58589",N,hours
666,Kathy Barton,318-59-8502,"818 Rios Pass Suite 490
Costashire, PW 44200",Y,miles
667,Brittany Trevino,170-51-0834,"033 Krueger Ridges Apt. 021
Port Crystal, AL 28532",N,hours
668,James Frank,423-92-8895,"5195 Anthony Valleys Apt. 505
Andersonview, AL 44490",Y,miles
669,Ruben Flores,250-73-9297,"468 Jaclyn Flats
Meganview, PW 98199",N,miles
670,Michael Marsh,571-52-5505,"73797 Lopez Cape
East Tonyside, OH 29409",N,miles
671,Kyle Barr,860-96-1797,"6178 Christian Parkways Apt. 879
Millermouth, IA 71352",Y,hours
672,Kathy Johnson,489-85-5119,"28260 Miller Locks
Parkerhaven, MN 31153",Y,hours
673,Robin Shaffer,384-43-8131,"15863 Pineda Oval
Zhangmouth, AZ 63776",N,miles
674,Anthony Nelson,146-27-8541,"9574 Michael Villages Suite 043
East Jessicafurt, GA 13603",N,hours
675,Kristina Fisher,187-61-5903,"4341 Gibbs Drive
Elizabethville, NH 46739",N,hours
676,Mitchell Adams,074-86-7896,"20357 Barbara Path Suite 425
Evansmouth, CA 06389",Y,miles
677,Chase Stewart,616-18-5099,"43504 Kevin Street
West Michelleton, OR 62325",Y,hours
678,Nicholas Nguyen,380-45-6801,"73019 Ashley Stream
Michaelborough, OK 54265",N,hours
679,Alyssa Butler,020-34-7101,"9811 Kirk Park Suite 063
New Christinashire, AL 07893",Y,miles
680,Ann Munoz,873-36-5369,"1035 Perry Neck
Port Bailey, AL 88174",N,hours
681,Andrew Saunders,704-10-2898,"2918 Wilson Skyway
Daughertyburgh, NM 30993",Y,hours
682,David Martin,410-56-0536,"Unit 9383 Box 9356
DPO AE 43424",N,miles
683,Jeffery Garcia,590-14-8463,"Unit 7732 Box 9790
DPO AP 81861",N,hours
684,Nicholas Gardner,782-23-1684,"52942 Rivera Throughway
Gregoryhaven, AR 53216",N,miles
685,David Hawkins,583-06-0294,"7916 Johnny Lane
Alisonport, VA 09277",N,hours
686,Thomas Turner,412-34-1491,"14181 Garcia Trace Apt. 164
North Kathleen, WI 96078",Y,hours
687,Dana Harris,074-46-8081,"66768 Linda Circle
North Justinville, IN 03885",Y,hours
688,Michelle Daniels,129-07-6827,"394 Tucker Flats Apt. 621
North Michaelview, KS 33217",Y,miles
689,David Love,726-41-1235,"USS Rios
FPO AE 35991",Y,miles
690,Susan Davis,526-45-4026,"0748 Nicholas Mall
Courtneybury, GU 61170",Y,miles
691,Matthew Jones,726-91-0397,"07091 Mary Circle Apt. 473
Dawsonborough, NY 92223",Y,miles
692,Angelica Sanchez,641-01-7311,"2404 Francisco Park
North Katherine, OH 90998",Y,hours
693,Jonathan Garcia,626-40-9689,"418 Krista Crescent Apt. 763
Port Timothy, AL 05002",N,miles
694,Ivan Torres,401-13-9274,"118 Hernandez Ridges
West Dianahaven, MI 29353",N,miles
695,Jesse Freeman,541-59-7834,"6103 Thomas Square
West Jeffreyville, AS 02361",Y,miles
696,Allison Tucker,072-40-7624,"843 Guerrero Ridges Apt. 637
Dawsonchester, IN 72360",N,hours
697,Jose Williams,215-09-8512,"Unit 7831 Box 6376
DPO AE 84893",N,miles
698,Sarah Zavala,634-06-4883,"66895 Jamie Parks Apt. 923
Doyleview, ME 01303",N,hours
699,Allison Mendoza,771-12-5817,"345 Franklin Hills
New Michael, AR 99076",N,miles
700,Maria Banks,194-03-8186,"88262 Brittany Green Apt. 167
West Garyview, GU 59211",N,hours
701,Tristan Perez,193-23-3741,"725 Daniel Park Apt. 835
East Justin, MI 15848",N,hours
702,Dylan Casey,165-41-5443,"08748 Hurst Forge Apt. 274
West Tommyview, IA 01985",N,miles
703,Jacqueline Golden,493-58-0648,"19933 Soto Springs
Davidchester, TX 62340",Y,miles
704,Joshua Jones,872-71-9319,"6597 Claudia Underpass
North Johnfort, WI 96143",Y,miles
705,Christina Wood,225-70-4544,"5557 Green Stravenue Apt. 895
Smithberg, UT 98115",N,miles
706,Jenny Fitzgerald,345-83-5637,"536 Jessica Island Suite 421
Greenestad, KS 28945",Y,miles
707,Brian Banks,857-47-4906,"729 Shaw Passage
West Lindseyhaven, VA 06589",N,hours
708,Adam Grant,454-19-6372,"200 Perez Underpass
Marquezmouth, OR 83144",Y,hours
709,Steven Brown,676-75-8069,"482 Perez Mills
West Lisa, NY 14458",Y,miles
710,Daniel Cole,889-38-2518,"Unit 4842 Box 0807
DPO AA 07284",N,hours
711,Matthew Harris,595-21-0860,"USS Hill
FPO AA 43509",Y,hours
712,Ryan Baker,734-47-9174,"78105 Wagner Manor Suite 499
New Jennifer, NE 77070",N,hours
713,John Wheeler,212-93-9947,"936 Valenzuela Camp
Selenamouth, MH 56614",N,miles
714,Brianna King,593-40-6575,"81656 Blake Inlet
East Michael, NV 05336",N,hours
715,Adam Campbell,586-10-9015,"029 Taylor View
West Charlesville, WV 12978",Y,hours
716,Daniel Acosta,304-80-3549,"42910 Barnes Ports Suite 042
Taylorberg, DC 65698",Y,miles
717,Scott Carrillo,755-61-2872,"9471 Shannon Isle
New Debbie, MH 97396",Y,hours
718,Heather Williams,355-56-2900,"967 Michael Ranch
Warrenside, MA 07974",N,hours
719,Nicole Hamilton,723-45-6436,"26570 Turner Stream Suite 219
Caseyberg, WV 42620",Y,miles
720,Stephanie Perry,430-50-0958,"014 Ryan Valleys
Lake Williammouth, FM 28325",Y,miles
721,Tanya Rodriguez,499-63-5808,"7515 Elliott Lights
Mullinsbury, TN 96641",Y,miles
722,Steven Watts,289-44-9403,"048 Nancy Corners Suite 088
East Deborahside, GA 40552",Y,miles
723,Mrs. Lori Turner,544-29-7571,"Unit 6850 Box 3060
DPO AP 08406",Y,hours
724,Jason Patel,838-23-9403,"10274 Michael Avenue
West Amanda, TN 42117",Y,hours
725,Steven Martin,899-63-3793,"823 Chavez Ranch
Josephside, MS 39699",N,hours
726,Jennifer Bryant,091-35-2218,"44177 Carr Station Suite 413
Pamelashire, FL 98286",N,miles
727,Amanda Gomez,173-83-2653,"785 Craig Haven Suite 756
Ortizport, NH 81910",Y,miles
728,Catherine Underwood,580-21-7088,"569 Heath Point
Bennetttown, IA 18664",Y,miles
729,Kyle Young,427-98-1643,"PSC 3489, Box 8707
APO AE 41272",Y,hours
730,Mr. Rodney Richmond Jr.,018-42-7871,"3677 Heather Hollow
North Jasonfort, OR 82967",N,miles
731,David Powell,017-14-2318,"3346 Anna Mountain
Port Brenda, CO 38268",Y,hours
732,Nicole Perez,105-65-9589,"94889 Baker Neck
Amberhaven, WI 54729",Y,miles
733,Ricardo Sloan,654-86-0461,"682 Klein Square
South Chloe, MT 38396",N,miles
734,Heidi Castro,657-60-4259,"55377 Carr Viaduct
Erikahaven, HI 23558",N,hours
735,Robert Prince,175-86-8072,"81184 Matthew Harbors
Randolphmouth, LA 71961",Y,hours
736,Kristin Carrillo,877-44-3522,"23556 Franco Points
Jennamouth, CT 00790",N,miles
737,Marisa Travis,372-09-0376,"501 Donald Locks Suite 789
North Joshuaside, GA 28563",N,miles
738,Alicia Shields,091-29-5736,"50425 Christine Knolls
Vegaport, GA 97086",Y,miles
739,Robin Scott,897-96-9016,"058 Jacob Land
Lake Mariafurt, VA 67204",N,miles
740,Deborah Lin,041-88-7078,"8116 Robert Forks
Port Angela, MH 62962",Y,miles
741,Kristen Rodriguez,887-24-6708,"249 Christopher Mills Suite 384
Johnsonfort, PA 77267",Y,miles
742,Leah Hernandez,605-15-9655,"36169 Aaron Fort
Lake Bradleyland, HI 89990",N,hours
743,Alexis Kent,325-37-5536,"37478 Ross Dam
Barbaraside, WA 03071",N,miles
744,Ethan Lewis,373-15-8205,"507 Richards Extension Suite 715
Sarahmouth, SD 03000",Y,miles
745,Jimmy Beard,024-79-0662,"PSC 3389, Box 4606
APO AA 56023",N,hours
746,Jennifer Irwin,632-85-8969,"660 Ramirez Key Apt. 196
Sandratown, UT 32748",Y,hours
747,Sheila Faulkner,446-66-2852,"Unit 6734 Box 4685
DPO AP 75723",Y,miles
748,Nancy Herrera,762-50-5707,"77833 Rachel Court
North Peterburgh, WA 69469",N,hours
749,Cathy Juarez,463-53-3231,"9456 Dana Island
Daniellehaven, WY 13239",N,hours
750,Michael King,874-86-4332,"3146 James Rest Apt. 539
West Lynn, LA 63627",Y,miles
751,Darrell Robertson,667-47-2578,"631 Robinson Inlet
Roberthaven, WI 74112",N,hours
752,Brandon Bennett,797-66-1577,"159 Melissa Radial
Gomezhaven, TN 27790",N,miles
753,Christopher Hunt,109-83-4967,"6251 Tommy Parkways Suite 266
Carterville, DC 81929",N,hours
754,Douglas Shaw,500-19-3306,"98100 Brooke River
East Christianport, WI 68506",N,hours
755,Kristen Nichols,726-18-2809,"2045 Regina Lights
East Joshua, GA 55013",N,miles
756,Donald Wilson,753-88-0282,"468 David Rue
Hubbardville, RI 18220",N,hours
757,Kevin Manning,871-64-1513,"7265 Rodriguez Falls Apt. 583
Jonesville, SD 19419",N,hours
758,Joshua Pierce,128-34-5014,"16302 Oliver Field Apt. 735
Gainesfort, UT 16068",Y,hours
759,Nicholas Washington,890-04-4526,"411 Mcneil Port Apt. 654
Hesschester, AZ 75936",N,hours
760,Jasmine Gonzales,765-43-2219,"82547 Donna Roads Apt. 641
North Jameschester, MT 48528",N,hours
761,Andre Johnson,425-82-7615,"5254 Copeland Valleys Apt. 741
South Mariafort, GA 27648",N,hours
762,Lisa Carter,435-18-7537,"77511 Thompson Neck Apt. 644
Garciastad, WV 92048",Y,miles
763,Valerie Hanna,511-42-5369,"0433 Timothy Coves Apt. 285
East Melissa, KY 97100",N,hours
764,Natasha Jones,299-72-5776,"5983 Cameron Spring
Lake Aaron, GU 54178",Y,hours
765,Tracy Bass,467-05-0683,"08722 Davis Summit Suite 196
Larrybury, GA 30651",Y,miles
766,Dennis Sharp,263-71-5521,"2800 Roberts Lake Suite 424
South Christopherport, WY 41428",Y,hours
767,Dana Smith,888-17-3526,"7940 Barbara Courts Suite 969
Sherylburgh, WA 88546",N,miles
768,Jacqueline Fletcher,100-91-9434,"3964 Lewis Point
Matthewtown, SC 33009",N,hours
769,Jacqueline Martin,068-03-0018,"99493 Wolf Pine Apt. 245
Richardfurt, MA 40803",Y,hours
770,Michael Kelly,217-98-1728,"60300 Daniel Ramp
Port Cathy, PW 84011",Y,miles
771,Bradley Coleman,878-69-1350,"61592 Lowe Circles Apt. 322
Jessehaven, ND 09327",Y,hours
772,Kaylee Parker,394-48-6145,"76618 Harmon Creek Suite 511
Kellyberg, OR 37739",N,miles
773,James Mcfarland,203-58-5168,"337 Dickerson Keys
Billytown, CA 19207",Y,hours
774,Crystal Lopez,581-35-0312,"25805 Brent Springs Suite 076
Port Amber, IA 79295",N,miles
775,Juan Smith,125-12-1704,"78677 Allen Port
Williamsville, UT 41013",N,hours
776,Carl Patel,850-97-1080,"86691 Noble Drive
East Bridget, AS 09811",N,miles
777,Vicki Cooper,156-42-8128,"USS Knight
FPO AE 10376",Y,miles
778,Tracy Hoffman,075-03-2639,"3236 Jason Cliffs
Rickport, OH 91631",Y,hours
779,Mary Neal,512-27-9684,"3358 Robert Curve
West Christopherchester, MS 00870",N,miles
780,Bridget Jensen,459-39-7526,"633 Cheryl Walk
Lake Jeffreyberg, AS 89956",Y,hours
781,Scott Buck,361-80-1861,"97421 Butler Views Suite 624
New Raymondberg, IA 18809",N,hours
782,Linda Adams,149-66-8660,"7139 Gonzalez Views
Raymondstad, DE 86683",N,miles
783,Jessica Stevens,439-07-3318,"15058 Hudson Motorway
South Robert, CA 41383",N,hours
784,Stephen Williams,643-80-2534,"Unit 6482 Box 3224
DPO AE 93964",N,hours
785,Phillip Sutton,703-20-1225,"02683 David Circles Suite 533
East Garrett, GA 56788",Y,miles
786,Whitney Erickson,149-32-1161,"50093 Kelly Circle Suite 295
Zacharyburgh, AZ 99189",Y,miles
787,Caleb Clay,055-56-1847,"579 Reed Route
Loganton, NE 52940",N,hours
788,David Jones,081-31-1619,"84176 Charles Ferry
Huntton, FL 55397",Y,hours
789,Terry Castillo,100-43-2003,"5732 Brian Mall
Davisshire, NV 14776",Y,miles
790,David Blankenship,637-18-3889,"09871 Morse Loaf
Markburgh, MS 31938",N,hours
791,Jeffrey Parker,136-94-0102,"050 Miranda Ranch Suite 321
New Ashleyville, VI 73351",N,hours
792,Seth Webb,427-60-8920,"7501 Church Pike
Lake Triciatown, MN 59682",Y,miles
793,Michael Vaughan,452-69-9731,"69547 Glass Road Apt. 035
Brownchester, DE 35105",Y,miles
794,Steven Bowen,152-24-3977,"3098 Smith Drive
Brianmouth, PR 34562",N,miles
795,Aaron Thomas,698-22-7646,"211 Moore Field Apt. 354
Dustinshire, GA 21350",N,hours
796,Tracy Walker,515-92-3722,"9193 Scott Green Apt. 956
Annmouth, LA 46624",Y,miles
797,Leslie Eaton,572-83-4895,"679 Lisa Throughway
Stricklandmouth, MT 72756",N,miles
798,Brittney Thomas,221-85-0244,"542 Sanchez Rest Apt. 512
Lake Amyville, VI 77674",Y,hours
799,Misty Gibson,807-82-0223,"Unit 0514 Box 1855
DPO AE 53947",Y,hours
800,Richard Olsen,202-84-4093,"Unit 2243 Box 3013
DPO AP 13890",N,miles
801,Rebecca Mcdonald,839-08-0445,"840 Rebecca Courts
Port Brandon, TX 94345",N,miles
802,Scott Taylor,850-89-6578,"USNS May
FPO AP 81662",Y,miles
803,Jack Donovan,508-28-0999,"59146 Jimenez Fields Apt. 554
Sandersville, ID 06199",Y,miles
804,Amber Williams,605-33-3636,"046 Jessica Squares
East Keithhaven, MA 92225",Y,hours
805,Michael Morrison,354-18-3545,"752 Carson Bypass Apt. 482
East Michellefort, ID 28345",N,hours
806,Eric Spencer IV,717-68-0901,"320 Alexis Gardens Suite 828
Brianmouth, VI 03618",N,miles
807,Kristen Allen,607-92-9707,"0741 Michael Rue
Torresburgh, WI 11303",N,hours
808,Audrey Ramirez,378-01-7401,"53799 Jackson View
East Tonyshire, NE 94529",N,hours
809,Jacob Sampson Jr.,640-91-1526,"3944 Munoz Fields
West Steven, NY 19561",N,hours
810,Jeremy Snyder,047-33-6223,"190 Richard Oval
Robinsonville, IA 22916",N,miles
811,Joseph Good,599-14-8049,"USS Burnett
FPO AA 72803",N,miles
812,Sarah Le,587-71-7132,"USCGC Hicks
FPO AA 50360",Y,hours
813,Joseph Mendoza,673-77-6470,"23259 Latoya Square Suite 240
Port Richardshire, NJ 29510",N,miles
814,Patricia Brown,843-99-4798,"20446 Boyd Mountains
Kyleton, TN 38322",N,miles
815,Russell Warren MD,682-91-9245,"7911 Poole Cove
Mullenbury, VI 34286",Y,hours
816,Bobby Burton,463-56-9021,"148 Johnson Mill
North Brianshire, KY 48756",N,hours
817,Roger Rodriguez,228-78-9948,"582 John Shores
Sarashire, AL 59234",Y,hours
818,Nathan Sanchez,804-08-3563,"880 Charlotte Road
West Crystalmouth, NJ 08469",N,miles
819,Kelsey English,748-85-6540,"672 Parker Road Suite 611
Bradleyfurt, FL 81107",Y,hours
820,Traci Harrison,794-20-5340,"94057 Drake Neck
Adammouth, IN 46018",Y,miles
821,Dana Collins,400-71-4886,"3497 Courtney Route
South Mitchell, WA 22282",N,hours
822,Karen Campbell,122-09-0926,"38048 Welch Mount Apt. 694
East Ianshire, SC 71033",N,hours
823,Susan Alvarado,591-55-8302,"Unit 8869 Box 3392
DPO AA 92833",Y,miles
824,Justin Smith,735-75-6847,"44405 Martin Way Suite 744
Rodriguezmouth, NM 41760",Y,miles
825,Melissa White,878-08-8262,"44258 Hayes Shore
West Thomastown, CO 12309",N,miles
826,William Jacobs,103-04-0014,"USNV Ward
FPO AE 86459",Y,miles
827,Kimberly Sosa,018-46-1825,"650 Phillips Forest
North Jasonshire, NC 63606",Y,hours
828,Christopher Brown,053-92-7063,"1269 Michelle Camp Suite 785
Summerberg, IA 85108",N,hours
829,Eric Lee,781-67-3233,"98336 Morgan Knolls Suite 678
Jenniferborough, NH 18366",N,miles
830,Richard Mcgee,638-25-3253,"368 Hannah Island
Simpsonchester, MO 28866",N,miles
831,James Tucker,307-25-8528,"5248 Flores Garden Apt. 126
Gregoryshire, MP 54451",Y,hours
832,Sean Davidson,550-51-0428,"695 Ayers Junction Suite 624
South Jason, MA 90603",Y,miles
833,Emma Branch,324-97-9266,"03763 Jason Ford Suite 640
West Richard, RI 85060",Y,hours
834,Kevin Larson,581-84-6870,"58151 Chapman Points
New Oscarborough, PW 79080",N,hours
835,Angela Holden,816-31-1903,"284 Martinez Creek
Hallbury, AZ 26506",Y,miles
836,Peter Peterson,323-61-5161,"566 Heather Rapids
Mullinschester, IN 37781",Y,miles
837,Grace Perry,588-50-8143,"682 Gardner Courts
New Laura, IA 42950",Y,hours
838,David Mccullough,518-27-3380,"219 Allen Forks
West Todd, AZ 08787",N,miles
839,Jesse Hamilton,271-77-5093,"799 Kim Parks Apt. 752
Stevenborough, KY 53418",Y,hours
840,Roger Hicks,221-78-8340,"3390 Cantrell Garden
Donovanmouth, NJ 19227",Y,hours
841,Jason Brown,520-04-3879,"67902 Robbins Turnpike Apt. 784
Kristastad, CT 46583",Y,hours
842,Jonathan Jones,169-31-7403,"0385 Rachel Course Apt. 549
Morrisside, MH 97359",N,hours
843,Mrs. Christina Baird,784-46-4911,"0558 Mark Fall Suite 040
Port Beth, PR 10099",N,miles
844,Danielle Palmer,653-15-3106,"271 Tina Village Apt. 199
Ortizmouth, TX 78892",N,miles
845,Michael Holloway,368-26-8126,"702 Curtis Extension Apt. 536
Marksburgh, AR 57559",N,miles
846,Gloria Rivas,453-25-5100,"522 Jorge Extensions Suite 985
Port Lindaview, IA 78500",N,hours
847,Zachary Davidson,235-91-1976,"1358 Burke Ramp
Thomaschester, KS 67600",N,miles
848,Andrew Thomas,281-49-9108,"USCGC Lopez
FPO AA 87711",Y,miles
849,Felicia Murray,421-93-4472,"202 Alexander Knolls Apt. 311
New Nancyburgh, IL 60643",N,miles
850,Theresa Stark,817-41-6119,"4778 Brandy Stravenue
Phillipshaven, PR 36419",Y,hours
851,Michelle Brennan,568-51-5531,"3068 Catherine Road Suite 929
Lake Douglasmouth, NH 85577",N,hours
852,Kevin Hernandez,299-26-7141,"USS White
FPO AA 78906",N,miles
853,Ronald Fletcher,887-44-9083,"56618 Jones Street
Priceport, NM 74135",Y,hours
854,Jillian Williams,728-64-8215,"Unit 5732 Box 6485
DPO AA 96320",Y,miles
855,Daniel Chang,646-38-9577,"0544 Smith Cove Apt. 843
New Davidside, AL 10734",N,miles
856,Jodi Ellis,805-68-4815,"08344 Brenda Corner
Lewisfort, IA 65313",Y,miles
857,Donna Green,180-39-9228,"72055 Christina Spring Apt. 513
Leefurt, NV 91437",N,miles
858,Patrick Pearson,077-78-2421,"PSC 9112, Box 6340
APO AP 82912",N,miles
859,Brenda Coleman,830-38-7805,"21924 Vincent Ports Apt. 445
West Lauriestad, CT 97719",N,miles
860,Aaron Smith,271-69-2325,"4189 Ballard Motorway Apt. 122
Figueroashire, LA 75141",N,hours
861,Antonio Shannon,708-55-7279,"48710 Sims Lane Apt. 503
Wayneside, IN 82421",N,hours
862,Eric Lewis,799-13-8462,"2141 Ferguson Bypass
Sanchezbury, PR 49173",N,miles
863,Donald Roberts,733-49-7061,"2000 Diaz Lights Suite 239
Danafurt, MI 83543",Y,miles
864,Dwayne Bartlett,499-99-1741,"663 Pearson Track
Lake Sheilahaven, DE 81908",Y,hours
865,Jennifer Olsen,778-42-6881,"10863 Robert Underpass Apt. 033
Taylortown, WV 64326",Y,miles
866,John Harvey,458-42-8125,"84111 Travis Islands
Danielfort, SC 88137",N,miles
867,Justin Reed,455-58-5519,"181 Gregory Grove Apt. 552
Lake Angela, NC 60841",Y,hours
868,Brittany Castro,873-18-4905,"0504 Emily Roads
Andersontown, NY 63171",N,hours
869,Jeremy Maddox,686-70-7108,"5490 Hawkins Creek Apt. 685
Lorimouth, DC 35461",N,miles
870,Shane Price,184-21-0668,"4431 Smith Throughway Suite 205
Port Jillianmouth, WY 40962",N,miles
871,Amber Park,428-51-2230,"691 Horton Port Suite 539
Vincentside, TN 02669",N,hours
872,Pamela Pugh,210-69-2198,"88877 Sanchez Field
Pattersonfort, SD 38964",N,miles
873,Rodney Williams,576-45-4885,"USS Kennedy
FPO AE 87197",N,miles
874,John Malone,027-29-0151,"PSC 7140, Box 4728
APO AP 03301",N,miles
875,Kristen Davies,374-39-1781,"5434 Lopez Lights Suite 873
Brownmouth, NY 03135",N,miles
876,Amanda Harrison,015-23-0925,"53353 Wilson Motorway
Seanmouth, SD 82426",Y,miles
877,Rebecca White,323-35-8541,"USCGC Martinez
FPO AE 86814",N,hours
878,Ashley Simmons,336-99-8506,"PSC 0637, Box 8496
APO AE 83787",N,miles
879,Veronica Smith,684-25-0582,"6611 Seth Courts Suite 299
Kimberlybury, KY 22468",N,miles
880,Jodi Santos,459-32-8730,"28287 Williams Park Apt. 762
Geoffreyview, WV 13360",Y,miles
881,Miguel Reese,027-76-4642,"8796 Roberts Hill Apt. 324
Floreshaven, NV 85348",Y,miles
882,Chad Herring,791-07-5303,"97175 Jordan Mountain
West Ann, FM 60040",Y,hours
883,Samantha Harvey,824-35-4458,"58869 Campbell Ranch Suite 891
North David, MA 05009",Y,hours
884,Lori Dominguez,384-72-4812,"765 Lauren Mill
Kristinefort, AK 18644",N,hours
885,James Anderson,347-98-4210,"PSC 1595, Box 0525
APO AA 38823",Y,hours
886,Jennifer Ochoa,192-60-6598,"597 Walker Canyon Suite 661
Port Lauraberg, NH 88090",Y,hours
887,Amanda Young,491-12-9521,"56507 Edwards Pike Suite 247
Brittneyland, NJ 61140",Y,hours
888,Linda Davis,125-69-3014,"32270 Catherine Mountain
Caldwellside, ND 69149",Y,hours
889,Matthew Jackson,529-97-8053,"790 Sean Mount
Mariemouth, HI 91754",N,hours
890,George Miller,022-93-2884,"3788 Karen Forges
Schmidttown, AK 15830",Y,hours
891,Julie Atkinson,400-26-3468,"84239 Daniels Prairie Suite 801
Franklinland, KY 07848",Y,hours
892,Belinda Franklin,076-77-5061,"244 Henry Turnpike Apt. 395
Davidberg, SC 55643",N,hours
893,Robert Baker,474-55-3282,"2288 Karen Spring
Lake David, FM 91916",N,hours
894,Brian Miller,564-54-6192,"15681 Espinoza Route
New Tammy, TX 60094",Y,miles
895,Bonnie Walker,030-92-1876,"93974 Victor Rue Apt. 445
Lake Franktown, NE 05891",Y,hours
896,Daniel Davidson,186-50-0312,"19054 Brittany Extension
South Denise, SC 34313",Y,hours
897,John Brown,831-63-8664,"9405 Matthew Ford
Melissahaven, CO 08445",Y,hours
898,Richard Combs,126-83-3202,"3543 Lara Pike
Adriennechester, IN 30202",N,miles
899,Brian Stewart,009-80-3681,"1701 Joel Route
Whiteton, AL 95841",Y,miles
900,Heather Williams,330-46-6656,"021 Allen Drive Suite 374
North Tammy, FM 60777",N,miles
901,Eric Johnson,154-25-5013,"5416 John Tunnel
West Robert, RI 19719",N,hours
902,John Collins,885-99-8676,"409 Loretta Groves Apt. 927
Brendachester, AZ 81990",Y,miles
903,Joshua Bowman,369-50-9957,"64081 Tanner Rest Apt. 725
East Robert, IN 47993",Y,miles
904,Joshua Martin,631-25-8408,"911 Gonzalez Junctions
Cherylborough, NV 38443",N,miles
905,Mr. Jason Evans,064-88-5739,"779 Nicole Cliff Apt. 591
Danielsburgh, CA 34566",Y,miles
906,Travis Hubbard,735-22-9495,"00758 Petty Ferry Apt. 700
Karenmouth, CT 19466",N,miles
907,Jennifer Johnson,727-48-5086,"762 Vanessa Meadow
Williamfort, MT 74146",Y,hours
908,Alexandra Stewart,452-59-3838,"0266 Smith Square
Albertmouth, FL 67187",N,miles
909,Noah Khan,812-86-9679,"8364 Guzman Village
Moralesview, CO 89945",N,hours
910,Susan Rivera,643-80-5464,"51991 Jaime Glen
New Kenneth, IL 67844",Y,miles
911,Christopher Johnson,503-84-4123,"608 Guerra Light Suite 739
Port Michaelberg, NJ 62528",N,hours
912,Luis Vazquez,239-02-3107,"438 Madison Springs
Harrisstad, WI 16168",Y,hours
913,Angelica Rivas,295-26-5801,"1681 Susan Crest
West Aaron, MT 49142",N,hours
914,Kim Marsh,487-91-6233,"2136 Krista Grove Suite 682
Brownmouth, AL 79546",N,hours
915,Christine Knight,355-18-9235,"736 Gallagher Harbor Suite 293
Alexandrachester, MI 82602",N,miles
916,Mark Kline,090-45-9541,"24313 Fitzgerald Turnpike Suite 656
Danielleburgh, NE 88713",N,miles
917,Tina Ortega,571-20-2690,"958 Daugherty Courts Apt. 133
Aliciachester, CT 72084",Y,miles
918,Stephanie Davis,045-75-9293,"13532 April Way
Heatherstad, ID 64898",Y,hours
919,Ray Nielsen,032-92-6808,"07852 Choi Cape Apt. 044
West Coltonland, AL 20863",Y,hours
920,Michelle Hancock,639-72-6128,"00012 Howell Harbor Suite 166
Martinport, WV 47056",Y,hours
921,Lori Pineda,860-09-9234,"0479 Maria Centers Suite 857
Barneston, AK 10520",N,hours
922,Todd Hansen,257-84-7447,"8326 Crawford Court
North Lindsey, UT 79728",N,miles
923,Shelby Butler,504-07-6618,"2697 Watson Meadow Suite 556
North Stephanie, OK 79120",N,hours
924,Timothy Malone,515-44-2111,"81933 Diana Harbors Apt. 633
Brownport, OK 88788",Y,hours
925,Adam Adams,058-56-4791,"486 Miller Plaza Suite 892
Kevinfort, NV 69197",N,hours
926,Jesse Harris,290-27-9704,"183 Richardson Valleys
Lambertchester, DC 07116",Y,hours
927,Crystal Young,123-47-4448,"593 Wesley Cliffs Apt. 853
New James, TX 66357",Y,miles
928,Rebecca Thomas,542-24-7973,"99847 Krystal Drive
Emilytown, MP 43767",Y,miles
929,Terri Pierce,330-44-5287,"9643 William Pass Apt. 654
Davidchester, MD 50941",N,hours
930,Isaac Hughes,154-82-6031,"0164 Wayne Fall
Rosefurt, DC 67665",Y,miles
931,Kathryn Johnson,421-38-2127,"250 Beth Courts
New Samuelburgh, VT 96734",Y,hours
932,Carolyn Perry,311-25-2971,"Unit 4822 Box 6588
DPO AE 24055",Y,hours
933,Charles Curtis,321-35-4591,"690 Mckay Meadows Apt. 184
Russellside, AR 34679",N,miles
934,Dennis Brown,683-64-1445,"8765 Wright Center Suite 833
Smithside, MP 15762",Y,miles
935,Jennifer Hamilton,743-95-8470,"08851 Jasmine Valley Suite 274
Port William, LA 75261",Y,hours
936,Samantha Harrison,059-94-0601,"0445 Thomas Glen
Lake Elizabethstad, NC 14629",Y,miles
937,Laura Burns,491-83-4178,"5709 White Square Suite 591
Jessicaton, AR 49610",N,miles
938,Kimberly Gates,625-99-5091,"02241 Matthew Locks
Maryview, GA 02182",Y,miles
939,Kathryn Bridges,801-61-4614,"784 Bright Grove Suite 014
Jamesview, UT 34868",N,miles
940,Oscar Johns,536-96-8197,"1461 Laura Turnpike
Ashleeburgh, WA 02248",N,hours
941,Allen Crane,161-69-3161,"79496 Edwards Mountain
Hillside, CT 94899",Y,hours
942,Tommy Gomez,027-44-6815,"Unit 3201 Box 9476
DPO AA 83513",N,miles
943,Ashlee Greer,591-17-7893,"103 Kimberly Heights Suite 874
Mooreborough, NH 15782",Y,miles
944,Sean Mendoza,698-01-2426,"2231 Ronnie Light Suite 620
Stephanieshire, DE 47532",N,miles
945,Christy Zamora,519-76-7270,"Unit 4466 Box 1591
DPO AP 12417",N,miles
946,Jenna Baker,879-06-4535,"568 Patterson Villages Apt. 414
Port Melissa, WA 04654",Y,miles
947,Michaela Freeman,814-94-2356,"65925 Campbell Lake Suite 748
New Andrew, NC 78572",Y,hours
948,Cynthia Martinez,252-79-7837,"05097 Richard Club Suite 062
East Loganchester, MH 33573",N,hours
949,Jennifer Mathis,745-47-1014,"061 Hicks Summit Suite 678
Owensview, MN 07249",N,hours
950,Cheryl Howard,034-02-3074,"72074 Jacqueline Mountains Suite 808
Jamesside, IL 07768",Y,hours
951,Timothy Mcgee,831-56-3858,"843 Elizabeth Via Apt. 502
Clarkhaven, OK 31571",Y,miles
952,Colleen Mckinney,310-91-4738,"18337 Hale Stream Suite 219
Alexismouth, CT 91178",N,miles
953,Brian Gomez,608-12-2083,"063 Brian Mill Apt. 109
Lake Jessica, OK 44770",N,hours
954,Peter Whitaker,786-85-2507,"04441 Campbell River
East Jesus, MI 49695",N,miles
955,Jennifer Jackson,036-11-6516,"6087 Castro Ferry
Elliottside, MD 08568",N,miles
956,Jacob Rivera,476-90-0891,"4492 Gonzalez Knolls Suite 687
Port Christopherfort, AK 96323",N,hours
957,Anna Montgomery,680-26-7109,"250 Joanna Stravenue Apt. 954
Stuartchester, CA 49438",N,hours
958,Sarah Pena,191-49-9515,"8568 Simmons Crossing
Pamelaport, MD 43404",Y,hours
959,Karen Brock,120-18-6489,"PSC 5965, Box 6679
APO AE 01914",N,miles
960,Dustin Ochoa,667-44-7491,"1824 Hamilton Circles
Combsland, TN 86016",Y,hours
961,David Martinez,377-48-4079,"86161 Randolph Shoals
Connerfort, WV 25023",Y,hours
962,Kevin Walsh,485-52-7547,"90022 Kathleen Corner Apt. 177
Johnsonfort, CO 98368",N,miles
963,Nancy Camacho,084-64-7880,"49299 Adam Manors
Kennethville, WA 13457",N,hours
964,Shannon Alvarez,689-07-0593,"PSC 5797, Box 3624
APO AE 90375",Y,hours
965,Joseph Rich,823-93-4403,"0265 Solis Court
Port Chad, WV 65135",N,hours
966,Ruth Mcdowell,150-42-4993,"223 Williams Heights Suite 606
Vincenttown, VI 80667",N,miles
967,Kevin Smith,232-68-1356,"Unit 9969 Box 1573
DPO AP 64175",N,hours
968,Dr. Heather Mercer DDS,408-42-0043,"49921 Russell Isle Suite 028
Elizabethfort, VI 18159",N,hours
969,Logan Carter,294-41-0988,"5244 Jenna Trail
New Maryfurt, WV 30931",N,hours
970,Sean Fernandez,045-66-6631,"PSC 8730, Box 2509
APO AE 55566",N,hours
971,Connie Johnson,789-35-0343,"0030 Johnson Springs
South Annechester, AL 36900",N,hours
972,Andrea Finley,032-43-7362,"4433 Susan Cliffs
New Anthony, NC 92008",Y,miles
973,Mr. Thomas Walker,298-54-4450,"95182 Kristen Throughway Apt. 729
Timothyburgh, KY 84707",Y,hours
974,Christopher Morton,186-56-3466,"1960 Anderson Rapid Suite 962
Jacobsview, SD 44145",Y,miles
975,Victoria Huffman,557-74-6778,"90107 Paul Gardens Suite 834
Burkebury, CO 27451",N,miles
976,Wanda Hughes,070-78-6812,"82530 Murillo Valley Suite 309
Edwardstad, UT 03560",Y,miles
977,Michelle Torres,414-30-9539,"USNS Richard
FPO AA 70166",N,hours
978,Diane Harris,411-81-1158,"607 Brooks Motorway
Warrenfurt, GA 41159",Y,miles
979,Desiree Gallegos,789-82-9737,"73798 Roach Neck
Valerieside, AK 77228",Y,miles
980,Cathy Chavez,118-31-3745,"84005 Robinson View
South Julia, GU 52607",N,hours
981,Nathan Brady,249-58-7871,"0641 Brooks Rest Suite 132
Port Geraldfort, OR 33030",Y,miles
982,Vanessa Patterson,736-47-8770,"658 Daniel Landing Apt. 001
Port Eric, NV 79474",N,miles
983,Anthony Ford,746-70-0932,"683 Bauer Camp Apt. 939
East Zacharyland, MH 46712",Y,hours
984,Jessica York,818-20-2613,"76799 Hill Crest
Loribury, OK 90770",Y,miles
985,James Schneider,165-14-2414,"178 Melanie Forges Apt. 465
Kingside, MO 42957",N,hours
986,Terri Taylor,599-37-2861,"500 Karen Pike Apt. 820
Lake Austinfort, LA 94271",Y,miles
987,Jeremy Obrien,744-87-7407,"89999 Cynthia Fort
West Davidland, WI 28067",N,hours
988,Matthew Cruz,107-88-0722,"8876 Cheyenne Estate
East Michelleton, CO 69019",Y,hours
989,Mary Bryant,665-79-0411,"1837 Parker Trail
Karenborough, OR 80776",N,hours
990,Carrie Chan,101-94-4044,"3079 Anna Knoll
Garciafort, MI 64984",N,hours
991,Molly Gomez,417-63-8548,"5813 Hall Garden Suite 153
East Jacqueline, UT 21945",N,miles
992,Jennifer Cummings,465-77-4590,"916 Dorothy Street
Lake David, FL 82678",N,hours
993,David Rivera,047-60-3234,"PSC 7872, Box 7815
APO AE 33685",N,hours
994,Tammy Johnson,106-96-8318,"688 Cook Stream
Port Susan, NY 96304",Y,miles
995,Andrew Robertson,814-43-4741,"23463 Clark Brook Suite 435
Jenkinschester, FM 70093",N,miles
996,Teresa Johnson,130-39-7832,"55583 Ramos Mission
Lake Julie, ND 65335",Y,miles
997,David Smith,287-19-9608,"007 Burgess Crossing Apt. 416
West Carolynfurt, MN 09520",Y,miles
998,Alexander Fitzgerald,179-18-0077,"Unit 3626 Box 0590
DPO AE 02195",N,miles
999,Daniel Carney,135-59-8945,"69584 Thomas Rapid Apt. 982
Phillipsborough, NV 94490",Y,miles
1000,Michelle Ayers,616-30-3870,"49332 Christopher Stravenue
Angelabury, AZ 07159",N,miles
1001,Leroy Mitchell,878-48-5320,"94020 Kathryn Meadows
Lake John, AZ 33322",Y,miles
1002,Jacqueline Vasquez,657-52-8606,"705 Cody Crescent
New Lindseyburgh, IA 33126",Y,miles
1003,Edward Cox,204-56-1311,"1669 Gentry Loaf Apt. 136
Jacksonborough, DC 98722",N,miles
1004,Elizabeth Rangel,674-23-6518,"83300 Patricia Port Apt. 282
East Christopherhaven, NV 85315",Y,miles
1005,George Smith,769-94-8083,"8222 Cheryl Wells
Port Hollyberg, ND 90589",N,hours
1006,Douglas Gonzales,008-72-1238,"15773 John Wall
Nicholsontown, AR 98198",N,hours
1007,Karen Davis,365-25-2244,"15453 Adam Islands
Stephenfort, AZ 88744",Y,miles
1008,Nicole Rios,388-15-0154,"756 Massey Corner
Kristophershire, VA 85723",Y,miles
1009,Amanda Cole,023-99-2735,"0992 Sherman Bypass
South Brandyport, PW 48232",N,miles
